pago_id;monto;fecha;id_usuario;subs_id
2492;4500;12-09-21;134;261
951;5000;23-12-21;112;103
2704;5000;13-09-21;139;282
2348;6500;30-09-21;19;244
2506;5000;11-04-21;134;262
120;8000;15-06-21;104;11
2699;5000;13-04-21;139;282
162;3000;26-10-21;115;15
2942;5500;28-07-20;144;308
1244;5500;15-05-21;74;136
2815;5000;25-10-20;10;293
2872;4000;01-07-21;30;300
2707;5000;13-12-21;139;282
2196;6500;11-04-21;32;229
2963;4500;19-10-20;46;309
2194;6500;09-04-21;32;229
2816;5000;25-11-20;10;293
1032;4000;18-11-20;79;114
2693;5000;13-10-20;139;282
342;5000;11-10-21;108;32
1493;8000;08-08-21;133;161
302;9500;10-04-20;97;29
1345;7000;12-02-21;120;145
112;8000;15-10-20;104;11
943;3000;11-07-21;112;100
2583;6500;23-10-21;131;273
2420;6500;28-12-21;38;253
1001;8500;30-08-21;143;110
3479;5000;08-12-21;100;369
2881;4000;23-05-21;147;301
2962;4500;19-09-20;46;309
1769;5500;09-01-21;111;188
2056;8000;12-11-21;123;216
2228;8500;08-09-20;35;233
963;4000;23-08-20;93;105
2559;9500;28-12-21;134;268
2848;5000;01-02-21;30;298
1055;5000;15-11-21;105;116
1765;5500;05-01-21;111;188
449;4000;24-04-21;146;46
1128;3500;30-07-20;23;125
2709;5000;23-10-20;80;283
2241;8500;09-09-21;35;233
2814;6500;18-12-21;10;292
260;6500;16-11-21;109;24
819;6500;21-09-21;40;86
508;5500;23-12-20;146;50
1380;9500;10-12-21;106;149
2865;4000;06-07-20;30;300
3234;4000;12-06-21;129;344
1269;9500;20-12-20;74;138
1777;3000;09-05-20;111;190
1312;5000;26-05-21;126;140
2292;3000;01-09-21;136;237
2232;8500;12-09-20;35;233
2450;6500;09-01-21;36;256
3271;6500;01-01-21;130;349
292;7500;20-08-21;97;28
3210;6500;12-10-20;129;340
2149;5000;20-02-21;88;225
2730;9500;08-11-21;80;285
731;5000;18-02-21;89;78
356;9500;10-01-21;116;34
3362;3500;16-06-20;135;356
1377;4000;24-12-21;106;148
436;6500;03-02-21;101;45
2473;9500;08-06-20;36;259
178;5000;01-09-21;122;18
459;9500;16-09-20;146;47
1294;6500;07-05-21;117;139
1618;6500;14-09-20;150;174
1563;6500;12-08-20;64;169
3321;5000;20-06-21;130;352
38;6500;12-11-21;22;6
578;6500;30-12-20;99;58
58;5000;08-08-20;22;8
1307;5000;26-12-20;126;140
2059;6500;19-10-20;123;218
782;5000;09-01-20;96;83
3168;4500;04-10-21;129;336
441;6500;08-02-21;101;45
884;9500;12-09-21;54;92
1875;9500;01-07-21;83;200
696;5000;08-02-21;77;72
1134;3500;30-01-21;23;125
97;5000;03-09-21;145;10
590;5000;07-09-20;125;60
3045;6500;18-07-21;98;319
334;8000;27-05-21;108;31
661;5000;30-10-20;125;68
2365;5000;03-08-21;91;247
738;5000;18-09-21;89;78
279;7000;09-02-21;97;26
1960;3000;27-09-21;85;207
192;3000;11-11-20;122;19
3410;5000;24-11-20;94;361
2197;6500;12-04-21;32;229
646;6500;15-12-21;125;66
1716;3000;10-08-20;128;184
1350;3500;25-12-20;120;146
984;5000;28-10-21;143;108
589;6500;04-03-21;99;59
1566;6500;03-08-21;64;169
464;9500;16-02-21;146;47
814;7000;21-11-21;40;85
3358;4500;30-09-20;135;355
715;6500;17-09-20;89;74
2862;5500;27-09-21;30;299
2675;4000;09-10-21;139;280
2780;3000;28-07-21;80;289
2017;5000;26-12-21;123;214
867;4000;26-08-21;40;90
2091;5000;01-10-21;118;221
472;9500;16-10-21;146;47
3238;5000;10-04-21;129;345
275;7000;05-02-21;97;26
958;5500;20-11-21;93;104
1258;6500;08-04-21;74;137
1852;6500;05-05-21;83;198
2570;9500;04-11-21;131;272
3255;5000;14-10-21;129;346
759;7500;05-11-21;96;81
225;3500;11-11-20;9;21
1825;9500;17-04-21;121;196
2373;5000;11-08-21;91;247
1878;9500;04-07-21;83;200
1674;7500;27-11-20;47;180
1320;5000;10-09-21;126;141
1184;4000;27-05-21;110;131
2850;5000;03-02-21;30;298
2198;8000;08-02-21;13;230
1793;6500;07-06-21;111;191
3423;5000;28-04-21;94;363
2211;9500;22-10-21;92;231
2344;6500;30-05-21;19;244
2501;5000;06-04-21;134;262
2920;4000;26-09-20;144;306
1631;6500;14-10-21;150;174
2990;3500;26-07-20;46;311
2266;5000;19-09-21;35;235
2051;8000;07-11-21;123;216
1547;5500;03-05-21;64;168
2677;4000;11-10-21;139;280
3017;6500;11-09-21;44;314
2853;5000;06-02-21;30;298
1912;8000;27-09-21;28;202
2145;5000;20-10-20;88;225
2195;6500;10-04-21;32;229
964;4000;23-09-20;93;105
2018;5000;17-05-20;123;215
742;6500;14-12-21;89;79
712;5500;12-10-21;89;73
1271;9500;20-02-21;74;138
2206;9500;22-05-21;92;231
39;6500;28-09-20;22;7
3462;4000;24-07-21;100;367
3345;7500;18-02-21;135;354
779;5500;24-10-21;96;82
386;4000;10-10-20;107;39
3209;6500;11-10-20;129;340
3148;9500;09-06-21;129;333
3320;5000;20-05-21;130;352
1811;7500;11-05-20;121;195
2360;5000;10-08-20;91;247
1314;5000;26-07-21;126;140
1554;5500;10-05-21;64;168
1334;8500;11-07-21;126;142
31;4500;11-07-21;102;5
2380;4000;26-09-20;38;250
3342;7000;12-08-21;130;353
1449;6500;18-12-21;27;156
1896;8000;03-10-21;28;201
2983;5000;19-06-21;46;310
2748;7000;30-10-21;80;287
2346;6500;30-07-21;19;244
1303;5000;26-08-20;126;140
2521;3000;28-10-20;134;264
805;5000;12-09-21;137;84
2467;5500;09-07-21;36;258
3009;5000;12-10-21;46;312
969;7000;13-10-21;143;107
2135;6500;08-04-21;88;224
748;5000;24-02-21;96;80
628;6500;19-12-21;125;63
2653;4000;17-01-21;12;278
2679;4500;04-01-21;139;281
98;5000;04-09-21;145;10
564;5000;25-08-21;99;54
3026;5000;22-09-21;44;316
3335;7000;05-08-21;130;353
67;5000;05-08-21;22;8
614;5500;25-11-20;125;61
1914;8000;27-11-21;28;202
3158;8500;04-10-21;129;334
2410;5500;22-04-21;38;252
2943;5500;28-08-20;144;308
2003;3000;11-06-21;123;213
3048;6500;18-10-21;98;319
922;5000;06-08-21;54;98
637;5000;27-08-21;125;65
170;4000;16-06-21;122;17
1849;6500;02-05-21;83;198
2784;3000;28-11-21;80;289
2335;8000;15-10-21;136;241
214;5500;21-07-21;122;20
1533;3000;19-06-21;64;167
2212;9500;22-11-21;92;231
2328;8000;15-03-21;136;241
2147;5000;20-12-20;88;225
2931;4000;26-08-21;144;306
37;6500;11-11-21;22;6
234;7000;04-11-21;9;22
2050;8000;06-11-21;123;216
925;5000;09-08-21;54;98
1564;6500;01-08-21;64;169
1442;6500;18-05-21;27;156
425;5500;11-10-21;107;41
2622;6500;10-10-21;86;276
723;5000;21-10-21;89;77
3056;7500;29-11-21;98;320
1059;8500;12-06-21;105;117
1379;9500;09-12-21;106;149
3000;5000;03-10-21;46;312
2172;3000;03-04-21;149;227
2207;9500;22-06-21;92;231
2670;4000;04-10-21;139;280
3132;7000;13-09-21;140;331
1997;3000;05-06-21;123;213
3310;5000;20-12-21;130;351
418;5500;04-10-21;107;41
2615;6500;03-10-21;86;276
1101;5000;05-11-21;148;122
894;4000;20-08-20;54;97
2791;4000;19-12-20;10;291
3191;5000;16-03-21;129;338
588;6500;28-10-21;99;58
2496;5000;01-04-21;134;262
692;6500;30-10-21;77;71
2112;5000;15-10-20;118;223
3440;7000;21-02-21;76;366
2433;8000;14-10-21;36;254
357;9500;11-01-21;116;34
3174;4500;10-10-21;129;336
1814;7500;02-05-21;121;195
3266;6500;08-01-20;130;349
2062;6500;19-01-21;123;218
1479;5000;10-09-20;133;159
2253;5000;19-08-20;35;235
1648;3000;10-05-21;141;177
3434;7000;21-08-20;76;366
2093;5000;03-10-21;118;221
20;5000;28-08-21;102;3
756;5000;24-10-21;96;80
634;7000;18-12-21;125;64
157;3000;26-05-21;115;15
997;8500;30-04-21;143;110
3115;8000;02-01-21;78;330
2548;9500;30-01-21;134;268
410;5000;07-05-21;107;40
294;7500;20-10-21;97;28
3099;6500;29-10-21;78;327
3175;4500;11-10-21;129;336
1851;6500;04-05-21;83;198
3433;7000;21-07-20;76;366
2498;5000;03-04-21;134;262
2313;6500;18-07-21;136;239
2640;7000;15-08-21;12;277
1419;4000;23-02-21;142;154
1779;3000;11-05-20;111;190
3003;5000;06-10-21;46;312
1748;4500;17-09-21;128;186
3467;4000;24-12-21;100;367
29;7000;24-12-21;102;4
2368;5000;06-08-21;91;247
711;5500;11-10-21;89;73
3214;6500;04-10-21;129;340
2387;4000;26-04-21;38;250
2299;3000;08-09-21;136;237
2219;5000;15-04-21;35;232
1193;5000;05-11-21;81;132
946;5000;19-09-20;112;102
1895;8000;02-10-21;28;201
2779;3000;28-06-21;80;289
1197;5000;09-11-21;81;132
2803;6500;18-01-21;10;292
2778;3000;28-05-21;80;289
996;4000;14-12-21;143;109
2325;8000;15-12-20;136;241
2012;5000;26-07-21;123;214
962;4000;23-07-20;93;105
424;5500;10-10-21;107;41
3136;5000;31-10-21;129;332
541;5500;21-05-21;99;53
2974;4500;19-09-21;46;309
1396;8000;16-08-21;106;150
2252;5000;19-07-20;35;235
1764;5500;04-01-21;111;188
3135;7000;13-12-21;140;331
340;8000;27-11-21;108;31
1162;9500;20-11-20;110;129
2967;4500;19-02-21;46;309
1893;8000;12-10-20;28;201
3277;6500;07-01-21;130;349
3400;5000;06-01-21;132;359
849;8000;04-03-21;40;88
1272;9500;20-03-21;74;138
2516;3000;28-05-20;134;264
1454;5500;13-11-20;133;157
394;4000;06-10-21;107;39
1095;5000;14-11-20;148;121
3127;7000;13-04-21;140;331
3078;6500;24-10-20;113;325
3163;8500;09-10-21;129;334
1084;5500;06-09-21;148;120
3224;7500;12-05-21;129;342
3302;5000;20-04-21;130;351
1487;8000;02-08-21;133;161
48;6500;28-06-21;22;7
3380;3500;16-12-21;135;356
518;7000;07-03-20;127;51
224;3500;10-11-20;9;21
2761;9500;16-06-21;80;288
1382;9500;12-12-21;106;149
532;7000;09-03-21;127;51
1734;4500;17-07-20;128;186
2367;5000;05-08-21;91;247
2961;4500;19-08-20;46;309
1092;5000;14-08-20;148;121
629;7000;18-07-21;125;64
3443;7000;21-05-21;76;366
568;5000;25-12-21;99;54
1590;5000;07-11-21;150;172
2635;7000;15-03-21;12;277
830;5500;23-04-21;40;87
2807;6500;18-05-21;10;292
1883;9500;09-07-21;83;200
2725;9500;03-11-21;80;285
2550;9500;28-03-21;134;268
3454;4000;24-11-20;100;367
815;7000;21-12-21;40;85
1868;6500;20-08-21;83;199
1253;6500;03-04-21;74;137
2474;9500;09-06-20;36;259
2488;9500;11-06-21;36;259
1441;6500;18-04-21;27;156
2261;5000;19-04-21;35;235
2451;6500;10-01-21;36;256
1610;9500;09-04-21;150;173
316;9500;12-04-21;97;29
227;7000;09-11-20;9;22
1195;5000;07-11-21;81;132
3445;7000;21-07-21;76;366
2692;5000;13-09-20;139;282
3458;4000;24-03-21;100;367
430;6500;10-04-21;107;42
1455;5500;13-12-20;133;157
2740;4000;14-08-21;80;286
2354;3500;20-10-21;91;246
1576;5000;16-11-21;150;170
440;6500;07-02-21;101;45
1846;4000;11-02-21;82;197
1474;6500;21-11-21;133;158
1266;9500;20-09-20;74;138
2509;5000;30-06-21;134;263
1367;9500;06-06-21;120;147
1974;9500;12-12-21;85;208
3457;4000;24-02-21;100;367
1248;5500;15-09-21;74;136
185;5000;08-09-21;122;18
3416;5000;18-09-21;94;362
662;5000;30-11-20;125;68
1335;8500;12-07-21;126;142
2311;6500;18-05-21;136;239
938;3000;06-07-21;112;100
885;5500;10-10-20;54;93
3337;7000;07-08-21;130;353
2036;5000;17-11-21;123;215
1139;3500;28-06-21;23;125
1900;8000;07-10-21;28;201
1072;8500;16-12-21;41;119
278;7000;08-02-21;97;26
2066;6500;19-05-21;123;218
576;9500;12-11-21;99;57
1926;4500;20-11-21;28;204
1413;5000;19-03-21;142;153
2397;5000;19-11-21;38;251
2102;5000;12-10-21;118;221
1477;5000;08-09-20;133;159
2718;8000;30-09-21;80;284
3430;5000;19-11-21;76;365
1171;9500;20-08-21;110;129
2747;7000;30-09-21;80;287
840;8000;07-03-20;40;88
3218;7000;09-06-21;129;341
1606;9500;05-04-21;150;173
3472;4000;16-07-21;100;368
1105;5000;09-11-21;148;122
2996;3500;26-01-21;46;311
1131;3500;30-10-20;23;125
1774;3500;27-10-21;111;189
3034;5000;13-03-21;98;318
1507;9500;18-03-21;124;164
1062;9500;11-12-21;105;118
2769;3000;28-08-20;80;289
2092;5000;02-10-21;118;221
1094;5000;14-10-20;148;121
3477;5000;06-12-21;100;369
3292;6500;12-07-21;130;350
166;6500;19-05-21;115;16
3340;7000;10-08-21;130;353
125;8000;15-11-21;104;11
1506;9500;18-02-21;124;164
1892;8000;11-10-20;28;201
167;6500;19-06-21;115;16
467;9500;16-05-21;146;47
680;6500;15-06-21;77;69
196;3000;03-11-21;122;19
2627;7000;15-07-20;12;277
3040;5000;13-09-21;98;318
1280;9500;20-11-21;74;138
108;8000;15-06-20;104;11
2966;4500;19-01-21;46;309
1451;5500;13-08-20;133;157
1261;6500;11-04-21;74;137
2189;6500;04-04-21;32;229
2936;4500;08-01-20;144;307
1065;8500;16-05-21;41;119
1121;9500;08-08-21;23;124
1068;8500;16-08-21;41;119
729;5000;18-12-20;89;78
893;4000;12-03-21;54;96
1292;6500;05-05-21;117;139
76;5000;30-11-20;145;9
2404;5500;22-10-20;38;252
1007;5000;13-09-20;143;111
1410;5000;19-12-20;142;153
144;5000;24-05-21;104;13
1404;6500;28-10-21;106;151
2234;8500;02-09-21;35;233
1612;9500;11-04-21;150;173
3330;7000;12-08-20;130;353
2260;5000;19-03-21;35;235
2190;6500;05-04-21;32;229
2034;5000;17-09-21;123;215
2362;5000;12-08-20;91;247
2438;8000;07-08-21;36;255
2703;5000;13-08-21;139;282
609;5500;25-06-20;125;61
1440;6500;18-03-21;27;156
3261;3000;19-09-21;129;348
2394;4000;26-11-21;38;250
362;5500;28-11-20;116;36
159;3000;26-07-21;115;15
1671;3000;12-08-21;47;179
2766;9500;16-11-21;80;288
2887;6500;13-11-20;45;302
2160;3500;14-05-21;88;226
1649;3000;11-05-21;141;177
1002;8500;30-09-21;143;110
1044;4000;18-11-21;79;114
219;5500;21-12-21;122;20
1702;4500;12-06-21;47;182
1541;5500;09-05-20;64;168
1715;3000;09-08-20;128;184
743;5000;24-09-20;96;80
1575;6500;12-08-21;64;169
78;5000;30-01-21;145;9
484;5000;28-07-21;146;48
718;8000;12-03-21;89;75
1346;3500;25-08-20;120;146
3004;5000;07-10-21;46;312
570;5000;21-05-21;99;56
2770;3000;28-09-20;80;289
2214;5000;15-11-20;35;232
49;6500;28-07-21;22;7
610;5500;25-07-20;125;61
337;8000;27-08-21;108;31
201;3000;08-11-21;122;19
444;6500;11-02-21;101;45
797;5000;12-01-21;96;83
829;5500;23-03-21;40;87
1185;4000;27-06-21;110;131
2608;6500;08-10-20;86;276
3031;6500;12-07-21;44;317
119;8000;15-05-21;104;11
1577;5000;16-12-21;150;170
2741;4000;14-09-21;80;286
1136;3500;28-03-21;23;125
765;5500;24-08-20;96;82
1249;5500;15-10-21;74;136
2580;6500;23-07-21;131;273
3118;8000;05-01-21;78;330
927;5000;11-08-21;54;98
3161;8500;07-10-21;129;334
1603;9500;02-04-21;150;173
934;3000;02-07-21;112;100
2988;5000;19-11-21;46;310
2729;9500;07-11-21;80;285
2104;5000;08-11-21;118;222
617;4500;12-06-21;125;62
839;8000;06-03-20;40;88
1992;3000;12-06-20;123;213
3128;7000;13-05-21;140;331
3347;7500;18-04-21;135;354
1692;4500;02-06-21;47;182
2564;5000;18-10-21;131;270
3138;9500;11-06-20;129;333
2978;5000;19-01-21;46;310
968;7000;13-09-21;143;107
2504;5000;09-04-21;134;262
2534;4000;26-01-21;134;266
919;5000;03-08-21;54;98
612;5500;25-09-20;125;61
1700;4500;10-06-21;47;182
3119;8000;06-01-21;78;330
1887;8000;06-10-20;28;201
1492;8000;07-08-21;133;161
864;4000;26-05-21;40;90
3104;5000;25-08-20;78;328
2026;5000;17-01-21;123;215
3002;5000;05-10-21;46;312
3394;5000;26-10-21;95;358
2854;5500;27-01-21;30;299
1458;6500;21-07-20;133;158
2819;5000;25-02-21;10;293
1905;8000;12-10-21;28;201
3267;6500;09-01-20;130;349
2355;3500;20-11-21;91;246
198;3000;05-11-21;122;19
642;6500;15-08-21;125;66
1615;6500;14-06-20;150;174
1602;9500;01-04-21;150;173
2440;8000;09-08-21;36;255
353;9500;07-01-21;116;34
1973;9500;11-12-21;85;208
707;5500;07-10-21;89;73
2223;5000;15-08-21;35;232
90;5000;08-09-20;145;10
1666;3000;07-08-21;47;179
2332;8000;15-07-21;136;241
338;8000;27-09-21;108;31
1749;4500;17-10-21;128;186
1956;3000;27-05-21;85;207
1041;4000;18-08-21;79;114
3420;5000;28-01-21;94;363
949;5000;23-10-21;112;103
2471;9500;06-06-20;36;259
1946;3000;27-07-20;85;207
1137;3500;28-04-21;23;125
1760;5500;12-01-20;111;188
1052;6500;19-03-21;79;115
1295;6500;08-05-21;117;139
1357;3500;25-07-21;120;146
1111;9500;20-08-21;148;123
168;4000;16-04-21;122;17
401;5000;10-05-20;107;40
2569;9500;03-11-21;131;272
1693;4500;03-06-21;47;182
1799;6500;25-07-21;87;192
1753;5000;06-06-21;114;187
514;5500;23-06-21;146;50
641;5000;27-12-21;125;65
676;6500;15-02-21;77;69
1022;5000;13-12-21;143;111
1071;8500;16-11-21;41;119
3014;6500;08-09-21;44;314
373;5500;28-10-21;116;36
2539;9500;07-07-21;134;267
2577;9500;11-11-21;131;272
1904;8000;11-10-21;28;201
249;6500;14-11-21;9;23
2213;9500;22-12-21;92;231
3229;6500;26-10-21;129;343
186;5000;09-09-21;122;18
1880;9500;06-07-21;83;200
1324;8500;01-07-21;126;142
673;6500;15-11-20;77;69
1038;4000;18-05-21;79;114
1528;3000;19-01-21;64;167
1500;5000;04-12-21;124;163
1060;9500;09-12-21;105;118
2523;3000;28-12-20;134;264
516;7000;05-03-20;127;51
124;8000;15-10-21;104;11
2585;6500;23-12-21;131;273
908;4000;20-10-21;54;97
3318;5000;20-03-21;130;352
1512;9500;18-08-21;124;164
330;8000;27-01-21;108;31
2584;6500;23-11-21;131;273
2893;6500;13-05-21;45;302
533;7000;10-03-21;127;51
2096;5000;06-10-21;118;221
780;5500;24-11-21;96;82
95;5000;01-09-21;145;10
3389;5000;26-05-21;95;358
556;5000;25-12-20;99;54
2154;5000;20-07-21;88;225
1714;3000;08-08-20;128;184
1466;6500;21-03-21;133;158
1768;5500;08-01-21;111;188
912;5000;08-08-20;54;98
2527;7500;08-10-21;134;265
151;5000;24-12-21;104;13
2596;5000;19-11-21;86;274
1762;5500;02-01-21;111;188
2414;5500;22-08-21;38;252
156;3000;26-04-21;115;15
1589;5000;06-11-21;150;172
1496;8000;11-08-21;133;161
2342;5000;29-05-21;19;243
552;5000;25-08-20;99;54
1498;4500;29-11-21;124;162
1344;7000;11-02-21;120;145
1006;5000;13-08-20;143;111
1480;7500;28-09-21;133;160
957;5500;20-10-21;93;104
660;5000;30-09-20;125;68
757;5000;24-11-21;96;80
1772;5500;12-01-21;111;188
141;6500;12-05-21;104;12
1955;3000;27-04-21;85;207
2823;5000;25-06-21;10;293
1713;3000;07-08-20;128;184
763;5500;24-06-20;96;82
1482;7500;28-11-21;133;160
1182;8000;17-09-21;110;130
3193;5000;16-05-21;129;338
70;5000;08-08-21;22;8
3343;7500;18-12-20;135;354
2293;3000;02-09-21;136;237
1116;9500;03-08-21;23;124
939;3000;07-07-21;112;100
2646;4000;17-06-20;12;278
632;7000;18-10-21;125;64
2638;7000;15-06-21;12;277
887;5500;11-03-21;54;94
2658;4000;17-06-21;12;278
2541;9500;09-07-21;134;267
886;5500;11-10-20;54;93
2107;5000;11-11-21;118;222
164;3000;26-12-21;115;15
980;5000;28-06-21;143;108
259;6500;16-10-21;109;24
747;5000;24-01-21;96;80
2759;9500;16-04-21;80;288
687;8000;10-03-21;77;70
281;7000;11-02-21;97;26
937;3000;05-07-21;112;100
476;5000;30-11-20;146;48
1901;8000;08-10-21;28;201
2565;5000;18-11-21;131;270
2959;5500;28-12-21;144;308
2246;9500;04-11-21;35;234
1004;8500;30-11-21;143;110
623;6500;19-07-21;125;63
1408;8500;18-12-21;142;152
1015;5000;13-05-21;143;111
784;5000;11-01-20;96;83
3182;5000;14-08-21;129;337
1730;3000;12-08-21;128;184
1416;4000;23-11-20;142;154
1140;3500;28-07-21;23;125
706;5500;06-10-21;89;73
137;6500;08-05-21;104;12
3429;5000;19-10-21;76;365
2009;5000;26-04-21;123;214
2479;9500;02-06-21;36;259
781;5500;24-12-21;96;82
1308;5000;26-01-21;126;140
2349;6500;30-10-21;19;244
1637;5000;06-01-21;141;175
350;9500;04-01-21;116;34
1393;8000;16-05-21;106;150
1313;5000;26-06-21;126;140
1222;3000;16-06-20;11;135
3388;5000;26-04-21;95;358
346;6500;23-09-21;116;33
1255;6500;05-04-21;74;137
2922;4000;26-11-20;144;306
3268;6500;10-01-20;130;349
1948;3000;27-09-20;85;207
2970;4500;19-05-21;46;309
1813;7500;01-05-21;121;195
2563;5000;18-09-21;131;270
389;4000;01-10-21;107;39
3116;8000;03-01-21;78;330
2632;7000;15-12-20;12;277
1421;4000;23-04-21;142;154
465;9500;16-03-21;146;47
3279;6500;11-07-20;130;350
2285;6500;18-08-21;84;236
246;6500;14-08-21;9;23
3139;9500;12-06-20;129;333
986;5000;28-12-21;143;108
604;5000;09-09-21;125;60
651;4000;24-03-21;125;67
1370;9500;09-06-21;120;147
2021;5000;17-08-20;123;215
105;5000;11-09-21;145;10
69;5000;07-08-21;22;8
1183;4000;27-04-21;110;131
1150;5000;06-11-20;110;127
838;5500;23-12-21;40;87
1205;5500;22-06-21;81;133
93;5000;11-09-20;145;10
685;6500;15-11-21;77;69
3044;6500;18-06-21;98;319
2517;3000;28-06-20;134;264
54;6500;28-12-21;22;7
1759;5000;12-06-21;114;187
1020;5000;13-10-21;143;111
1054;6500;19-05-21;79;115
2258;5000;19-01-21;35;235
3307;5000;20-09-21;130;351
375;9500;11-03-21;116;37
240;7000;10-11-21;9;22
2948;5500;28-01-21;144;308
2324;8000;15-11-20;136;241
1775;3000;07-05-20;111;190
1605;9500;04-04-21;150;173
1450;5500;13-07-20;133;157
684;6500;15-10-21;77;69
1112;9500;11-08-20;23;124
2616;6500;04-10-21;86;276
1147;7500;14-09-21;110;126
74;5000;12-08-21;22;8
2739;4000;14-07-21;80;286
1922;4500;20-07-21;28;204
1423;4000;23-06-21;142;154
2743;4000;14-11-21;80;286
2973;4500;19-08-21;46;309
1388;8000;16-12-20;106;150
515;5500;23-07-21;146;50
517;7000;06-03-20;127;51
1621;6500;14-12-20;150;174
1245;5500;15-06-21;74;136
1927;4500;20-12-21;28;204
363;5500;28-12-20;116;36
488;9500;28-11-20;146;49
86;5000;28-09-21;145;9
1300;5000;26-05-20;126;140
947;5000;19-10-20;112;102
2676;4000;10-10-21;139;280
3436;7000;21-10-20;76;366
349;6500;23-12-21;116;33
2630;7000;15-10-20;12;277
2618;6500;06-10-21;86;276
2442;8000;11-08-21;36;255
1447;6500;18-10-21;27;156
1524;7500;25-04-21;64;166
599;5000;04-09-21;125;60
2631;7000;15-11-20;12;277
999;8500;30-06-21;143;110
987;4000;14-03-21;143;109
739;5000;18-10-21;89;78
868;4000;26-09-21;40;90
1151;5000;07-11-20;110;127
1398;8000;16-10-21;106;150
146;5000;24-07-21;104;13
1970;9500;08-12-21;85;208
115;8000;15-01-21;104;11
1180;8000;17-07-21;110;130
1638;5000;07-01-21;141;175
523;7000;12-03-20;127;51
1027;4000;18-06-20;79;114
2998;3500;26-03-21;46;311
1519;5500;30-10-21;64;165
795;5000;10-01-21;96;83
2684;4500;09-01-21;139;281
1823;7500;11-05-21;121;195
1537;3000;19-10-21;64;167
419;5500;05-10-21;107;41
2836;5000;28-12-21;119;294
1204;5500;22-05-21;81;133
649;4000;24-01-21;125;67
883;7500;17-12-21;40;91
483;5000;28-06-21;146;48
1585;3500;10-11-21;150;171
155;6500;14-12-21;115;14
1546;5500;02-05-21;64;168
2046;8000;02-11-21;123;216
308;9500;04-04-21;97;29
1600;9500;11-04-20;150;173
2125;5000;15-11-21;118;223
2053;8000;09-11-21;123;216
2295;3000;04-09-21;136;237
2975;4500;19-10-21;46;309
47;6500;28-05-21;22;7
1338;8000;10-10-21;120;143
1963;3000;27-12-21;85;207
786;5000;01-01-21;96;83
2137;6500;10-04-21;88;224
565;5000;25-09-21;99;54
624;6500;19-08-21;125;63
3365;3500;16-09-20;135;356
2064;6500;19-03-21;123;218
390;4000;02-10-21;107;39
2;6500;14-07-21;102;1
1414;5000;19-04-21;142;153
1751;4500;17-12-21;128;186
1911;8000;27-08-21;28;202
1990;3000;10-06-20;123;213
1795;6500;09-06-21;111;191
2905;4500;25-10-21;45;303
1949;3000;27-10-20;85;207
3074;6500;13-04-21;138;324
2952;5500;28-05-21;144;308
650;4000;24-02-21;125;67
2013;5000;26-08-21;123;214
2331;8000;15-06-21;136;241
499;9500;28-10-21;146;49
2672;4000;06-10-21;139;280
3284;6500;04-07-21;130;350
3316;5000;20-01-21;130;352
3067;6500;13-09-20;138;324
2463;5500;05-07-21;36;258
1376;4000;24-11-21;106;148
2478;9500;01-06-21;36;259
2749;7000;30-11-21;80;287
2249;9500;07-11-21;35;234
3264;3000;19-12-21;129;348
3351;7500;18-08-21;135;354
2870;4000;11-07-20;30;300
3248;5000;14-03-21;129;346
1981;5000;15-04-21;90;210
3311;5000;20-08-20;130;352
1744;4500;17-05-21;128;186
870;7500;17-11-20;40;91
710;5500;10-10-21;89;73
2388;4000;26-05-21;38;250
180;5000;03-09-21;122;18
339;8000;27-10-21;108;31
2913;8000;24-07-21;69;305
1816;7500;04-05-21;121;195
2302;3000;11-09-21;136;237
466;9500;16-04-21;146;47
3278;6500;10-07-20;130;350
3399;5000;05-01-21;132;359
254;6500;16-05-21;109;24
169;4000;16-05-21;122;17
2111;5000;15-09-20;118;223
1894;8000;01-10-21;28;201
3289;6500;09-07-21;130;350
3041;5000;13-10-21;98;318
3012;6500;06-09-21;44;314
2127;6500;12-04-20;88;224
491;9500;28-02-21;146;49
1141;3500;28-08-21;23;125
2515;5000;30-12-21;134;263
872;7500;17-01-21;40;91
1125;9500;12-08-21;23;124
2546;9500;30-11-20;134;268
3293;5000;20-07-20;130;351
1542;5500;10-05-20;64;168
2239;8500;07-09-21;35;233
2502;5000;07-04-21;134;262
2028;5000;17-03-21;123;215
1863;6500;20-03-21;83;199
1173;9500;20-10-21;110;129
3147;9500;08-06-21;129;333
3304;5000;20-06-21;130;351
540;5500;21-04-21;99;53
3471;4000;16-06-21;100;368
2844;3500;12-04-21;119;297
2992;3500;26-09-20;46;311
1290;6500;03-05-21;117;139
1452;5500;13-09-20;133;157
1358;3500;25-08-21;120;146
807;7000;21-04-21;40;85
2037;5000;17-12-21;123;215
62;5000;12-08-20;22;8
1395;8000;16-07-21;106;150
1984;4500;06-08-21;90;211
3327;5000;20-12-21;130;352
1196;5000;08-11-21;81;132
3126;7000;13-03-21;140;331
268;9500;28-03-21;109;25
1982;5000;15-05-21;90;210
998;8500;30-05-21;143;110
1079;5500;01-09-21;148;120
3344;7500;18-01-21;135;354
2641;7000;15-09-21;12;277
2095;5000;05-10-21;118;221
197;3000;04-11-21;122;19
734;5000;18-05-21;89;78
1543;5500;11-05-20;64;168
463;9500;16-01-21;146;47
2276;6500;18-11-20;84;236
929;6500;11-06-21;112;99
1921;8500;12-04-21;28;203
443;6500;10-02-21;101;45
385;4000;09-10-20;107;39
1679;7500;27-04-21;47;180
693;6500;30-11-21;77;71
2086;3000;28-10-21;118;219
1558;6500;07-08-20;64;169
745;5000;24-11-20;96;80
2514;5000;30-11-21;134;263
2078;3000;28-02-21;118;219
325;6500;24-10-21;97;30
753;5000;24-07-21;96;80
1726;3000;08-08-21;128;184
528;7000;05-03-21;127;51
498;9500;28-09-21;146;49
2199;8000;09-02-21;13;230
2486;9500;09-06-21;36;259
2099;5000;09-10-21;118;221
1025;5000;23-11-21;79;113
87;5000;28-10-21;145;9
3349;7500;18-06-21;135;354
2904;4500;25-09-21;45;303
1508;9500;18-04-21;124;164
3133;7000;13-10-21;140;331
2371;5000;09-08-21;91;247
638;5000;27-09-21;125;65
2619;6500;07-10-21;86;276
3466;4000;24-11-21;100;367
2751;9500;16-08-20;80;288
1697;4500;07-06-21;47;182
2334;8000;15-09-21;136;241
293;7500;20-09-21;97;28
1818;7500;06-05-21;121;195
1386;8000;16-10-20;106;150
3239;5000;11-04-21;129;345
1234;3000;16-06-21;11;135
2075;3000;28-11-20;118;219
1430;8000;30-09-21;27;155
359;8000;31-10-21;116;35
2178;3000;09-04-21;149;227
1616;6500;14-07-20;150;174
478;5000;30-01-21;146;48
152;6500;14-09-21;115;14
766;5500;24-09-20;96;82
1462;6500;21-11-20;133;158
767;5500;24-10-20;96;82
1781;3000;01-05-21;111;190
1049;6500;19-12-20;79;115
2396;5000;19-10-21;38;251
2572;9500;06-11-21;131;272
313;9500;09-04-21;97;29
2832;5000;28-08-21;119;294
2935;4000;26-12-21;144;306
1659;3000;12-08-20;47;179
2077;3000;28-01-21;118;219
592;5000;09-09-20;125;60
1683;7500;27-08-21;47;180
3243;5000;14-10-20;129;346
1369;9500;08-06-21;120;147
820;6500;21-10-21;40;86
1298;6500;11-05-21;117;139
2908;6500;10-08-21;45;304
2717;8000;30-08-21;80;284
414;5000;11-05-21;107;40
1841;4000;06-02-21;82;197
1457;6500;21-06-20;133;158
1013;5000;13-03-21;143;111
831;5500;23-05-21;40;87
2163;3500;14-08-21;88;226
3469;4000;16-04-21;100;368
2712;5000;23-01-21;80;283
2455;5000;23-07-21;36;257
1325;8500;02-07-21;126;142
657;4000;24-09-21;125;67
1270;9500;20-01-21;74;138
1051;6500;19-02-21;79;115
2282;6500;18-05-21;84;236
3201;8000;23-10-21;129;339
2182;6500;14-11-21;149;228
113;8000;15-11-20;104;11
703;5500;03-10-21;89;73
2456;5000;23-08-21;36;257
631;7000;18-09-21;125;64
1676;7500;27-01-21;47;180
367;5500;28-04-21;116;36
3091;6500;24-11-21;113;325
988;4000;14-04-21;143;109
252;6500;16-03-21;109;24
2826;5000;25-09-21;10;293
511;5500;23-03-21;146;50
2562;9500;16-12-21;131;269
276;7000;06-02-21;97;26
3325;5000;20-10-21;130;352
3039;5000;13-08-21;98;318
3348;7500;18-05-21;135;354
1517;5500;30-08-21;64;165
2817;5000;25-12-20;10;293
1438;6500;18-01-21;27;156
3230;6500;26-11-21;129;343
1783;3000;03-05-21;111;190
3242;5000;14-09-20;129;346
666;5000;28-03-21;125;68
1725;3000;07-08-21;128;184
1994;3000;02-06-21;123;213
3391;5000;26-07-21;95;358
160;3000;26-08-21;115;15
2209;9500;22-08-21;92;231
1598;9500;09-04-20;150;173
3024;5000;22-07-21;44;316
2888;6500;13-12-20;45;302
2008;5000;26-03-21;123;214
1732;6500;11-03-21;128;185
2417;5500;22-11-21;38;252
1968;9500;06-12-21;85;208
3332;7000;02-08-21;130;353
2409;5500;22-03-21;38;252
2719;8000;30-10-21;80;284
686;6500;15-12-21;77;69
2726;9500;04-11-21;80;285
1160;9500;20-09-20;110;129
2789;4000;19-10-20;10;291
2185;6500;12-04-20;32;229
1327;8500;04-07-21;126;142
777;5500;24-08-21;96;82
2445;6500;04-01-21;36;256
2837;4000;11-01-21;119;295
497;9500;28-08-21;146;49
1952;3000;27-01-21;85;207
3069;6500;13-11-20;138;324
1153;5000;09-11-20;110;127
94;5000;12-09-20;145;10
1509;9500;18-05-21;124;164
2785;3000;28-12-21;80;289
977;5000;28-03-21;143;108
2781;3000;28-08-21;80;289
2950;5500;28-03-21;144;308
263;9500;29-10-20;109;25
510;5500;23-02-21;146;50
405;5000;02-05-21;107;40
2591;5000;19-06-21;86;274
2333;8000;15-08-21;136;241
1819;7500;07-05-21;121;195
2494;5000;11-04-20;134;262
579;6500;30-01-21;99;58
1256;6500;06-04-21;74;137
2711;5000;23-12-20;80;283
2395;4000;26-12-21;38;250
4;4000;21-04-21;102;2
2793;4000;19-02-21;10;291
1330;8500;07-07-21;126;142
2606;6500;06-10-20;86;276
2912;8000;24-06-21;69;305
3373;3500;16-05-21;135;356
2024;5000;17-11-20;123;215
647;4000;24-11-20;125;67
798;5000;05-09-21;137;84
2193;6500;08-04-21;32;229
1283;6500;08-05-20;117;139
2157;5000;20-10-21;88;225
3412;5000;18-05-21;94;362
869;4000;26-10-21;40;90
2270;6500;18-05-20;84;236
2623;6500;11-10-21;86;276
3077;6500;24-09-20;113;325
1623;6500;14-02-21;150;174
2084;3000;28-08-21;118;219
2736;4000;14-04-21;80;286
2827;5000;25-10-21;10;293
1217;5000;09-02-21;11;134
1478;5000;09-09-20;133;159
770;5500;24-01-21;96;82
3372;3500;16-04-21;135;356
3297;5000;20-11-20;130;351
3361;4500;30-12-20;135;355
2225;5000;15-10-21;35;232
226;3500;12-11-20;9;21
704;5500;04-10-21;89;73
1029;4000;18-08-20;79;114
3087;6500;24-07-21;113;325
2000;3000;08-06-21;123;213
3447;7000;21-09-21;76;366
2651;4000;17-11-20;12;278
388;4000;12-10-20;107;39
502;5500;23-06-20;146;50
266;9500;29-01-21;109;25
75;5000;31-10-20;145;9
2181;3000;12-04-21;149;227
1232;3000;16-04-21;11;135
1186;4000;27-07-21;110;131
3280;6500;12-07-20;130;350
402;5000;11-05-20;107;40
2538;9500;06-07-21;134;267
3246;5000;14-01-21;129;346
1366;9500;05-06-21;120;147
3375;3500;16-07-21;135;356
1845;4000;10-02-21;82;197
2938;4500;10-01-20;144;307
2995;3500;26-12-20;46;311
2113;5000;15-11-20;118;223
1808;7500;08-05-20;121;195
1647;4000;25-12-21;141;176
61;5000;11-08-20;22;8
2721;8000;30-12-21;80;284
3068;6500;13-10-20;138;324
1203;5500;22-04-21;81;133
3195;5000;16-07-21;129;338
2422;8000;14-11-20;36;254
1523;7500;25-03-21;64;166
179;5000;02-09-21;122;18
3103;5000;25-07-20;78;328
1005;8500;30-12-21;143;110
1685;7500;27-10-21;47;180
287;7500;20-03-21;97;28
133;6500;04-05-21;104;12
1767;5500;07-01-21;111;188
3368;3500;16-12-20;135;356
1983;4500;05-08-21;90;211
1881;9500;07-07-21;83;200
2955;5500;28-08-21;144;308
2047;8000;03-11-21;123;216
2427;8000;14-04-21;36;254
2750;7000;30-12-21;80;287
920;5000;04-08-21;54;98
1422;4000;23-05-21;142;154
1317;5000;26-10-21;126;140
2192;6500;07-04-21;32;229
824;5500;23-10-20;40;87
1364;9500;03-06-21;120;147
1429;4000;23-12-21;142;154
2351;6500;30-12-21;19;244
25;7000;24-08-21;102;4
2499;5000;04-04-21;134;262
2363;5000;01-08-21;91;247
2885;6500;13-09-20;45;302
2482;9500;05-06-21;36;259
129;6500;12-05-20;104;12
1459;6500;21-08-20;133;158
2121;5000;15-07-21;118;223
1254;6500;04-04-21;74;137
2669;4000;03-10-21;139;280
808;7000;21-05-21;40;85
1392;8000;16-04-21;106;150
2045;8000;01-11-21;123;216
1822;7500;10-05-21;121;195
326;6500;24-11-21;97;30
415;5000;12-05-21;107;40
3275;6500;05-01-21;130;349
1347;3500;25-09-20;120;146
1;6500;14-06-21;102;1
1969;9500;07-12-21;85;208
1389;8000;16-01-21;106;150
1076;5500;10-09-20;148;120
3338;7000;08-08-21;130;353
457;4000;24-12-21;146;46
2642;7000;15-10-21;12;277
2926;4000;26-03-21;144;306
3033;5000;13-02-21;98;318
1340;8000;12-10-21;120;143
1962;3000;27-11-21;85;207
3381;6500;31-10-21;135;357
3143;9500;04-06-21;129;333
1082;5500;04-09-21;148;120
59;5000;09-08-20;22;8
3150;9500;11-06-21;129;333
613;5500;25-10-20;125;61
2352;5000;13-08-21;91;245
3424;4000;27-09-21;94;364
2162;3500;14-07-21;88;226
2484;9500;07-06-21;36;259
1652;4500;06-01-21;103;178
1684;7500;27-09-21;47;180
3197;5000;16-09-21;129;338
1651;4500;05-01-21;103;178
1088;5500;10-09-21;148;120
1497;8000;12-08-21;133;161
1873;9500;11-07-20;83;200
3022;5000;22-05-21;44;316
2461;5500;03-07-21;36;258
1588;5000;05-11-21;150;172
2161;3500;14-06-21;88;226
2229;8500;09-09-20;35;233
1626;6500;14-05-21;150;174
1247;5500;15-08-21;74;136
2151;5000;20-04-21;88;225
1371;9500;10-06-21;120;147
1763;5500;03-01-21;111;188
2989;5000;19-12-21;46;310
319;6500;24-04-21;97;30
1877;9500;03-07-21;83;200
172;4000;16-08-21;122;17
1859;6500;12-05-21;83;198
2403;5500;22-09-20;38;252
1829;9500;17-08-21;121;196
2551;9500;28-04-21;134;268
3448;7000;21-10-21;76;366
983;5000;28-09-21;143;108
1812;7500;12-05-20;121;195
1740;4500;17-01-21;128;186
817;6500;21-07-21;40;86
3094;5000;16-01-21;78;326
2011;5000;26-06-21;123;214
2337;6500;09-01-21;19;242
1980;5000;15-03-21;90;210
1622;6500;14-01-21;150;174
2875;4000;23-11-20;147;301
1058;8500;11-06-21;105;117
572;5000;21-07-21;99;56
789;5000;04-01-21;96;83
2611;6500;11-10-20;86;276
741;5000;18-12-21;89;78
3369;3500;16-01-21;135;356
1619;6500;14-10-20;150;174
701;5500;01-10-21;89;73
2267;5000;19-10-21;35;235
3371;3500;16-03-21;135;356
3308;5000;20-10-21;130;351
2581;6500;23-08-21;131;273
3108;5000;20-07-21;78;329
3291;6500;11-07-21;130;350
2566;5000;18-12-21;131;270
809;7000;21-06-21;40;85
1135;3500;28-02-21;23;125
2849;5000;02-02-21;30;298
242;7000;12-11-21;9;22
2142;5000;20-07-20;88;225
1906;8000;27-03-21;28;202
2705;5000;13-10-21;139;282
2507;5000;12-04-21;134;262
3211;6500;01-10-21;129;340
1689;4500;11-06-20;47;182
3154;8500;12-10-20;129;334
3404;5000;10-01-21;132;359
403;5000;12-05-20;107;40
1110;9500;20-07-21;148;123
959;5500;20-12-21;93;104
900;4000;20-02-21;54;97
2688;5000;13-05-20;139;282
2556;9500;28-09-21;134;268
3240;5000;12-04-21;129;345
1190;4000;27-11-21;110;131
2645;4000;17-05-20;12;278
351;9500;05-01-21;116;34
834;5500;23-08-21;40;87
3070;6500;13-12-20;138;324
80;5000;28-03-21;145;9
3283;6500;03-07-21;130;350
445;6500;12-02-21;101;45
3422;5000;28-03-21;94;363
1712;3000;06-08-20;128;184
1924;4500;20-09-21;28;204
2240;8500;08-09-21;35;233
2401;5500;22-07-20;38;252
1189;4000;27-10-21;110;131
2322;7000;12-01-21;136;240
992;4000;14-08-21;143;109
932;3000;12-07-20;112;100
897;4000;20-11-20;54;97
277;7000;07-02-21;97;26
2909;6500;11-08-21;45;304
2251;5000;19-06-20;35;235
2840;3500;08-04-21;119;297
3205;6500;07-10-20;129;340
3465;4000;24-10-21;100;367
730;5000;18-01-21;89;78
1200;5500;22-01-21;81;133
345;6500;23-08-21;116;33
3180;5000;14-06-21;129;337
1309;5000;26-02-21;126;140
2859;5500;27-06-21;30;299
3035;5000;13-04-21;98;318
1175;9500;20-12-21;110;129
2910;6500;12-08-21;45;304
3286;6500;06-07-21;130;350
2338;6500;10-01-21;19;242
33;6500;07-11-21;22;6
2590;5000;19-05-21;86;274
821;6500;21-11-21;40;86
453;4000;24-08-21;146;46
2358;5000;08-08-20;91;247
2356;3500;20-12-21;91;246
1037;4000;18-04-21;79;114
1090;5500;12-09-21;148;120
3219;7000;10-06-21;129;341
3341;7000;11-08-21;130;353
1490;8000;05-08-21;133;161
2364;5000;02-08-21;91;247
451;4000;24-06-21;146;46
2742;4000;14-10-21;80;286
2411;5500;22-05-21;38;252
2716;8000;30-07-21;80;284
1677;7500;27-02-21;47;180
1093;5000;14-09-20;148;121
1468;6500;21-05-21;133;158
315;9500;11-04-21;97;29
3254;5000;14-09-21;129;346
1586;3500;11-11-21;150;171
2682;4500;07-01-21;139;281
1723;3000;05-08-21;128;184
372;5500;28-09-21;116;36
1743;4500;17-04-21;128;186
862;5000;28-12-21;40;89
493;9500;28-04-21;146;49
2746;7000;31-08-21;80;287
3309;5000;20-11-21;130;351
3169;4500;05-10-21;129;336
232;7000;02-11-21;9;22
1534;3000;19-07-21;64;167
813;7000;21-10-21;40;85
3134;7000;13-11-21;140;331
2654;4000;17-02-21;12;278
3222;7500;10-05-21;129;342
2204;9500;22-03-21;92;231
183;5000;06-09-21;122;18
898;4000;20-12-20;54;97
728;5000;18-11-20;89;78
416;5500;02-10-21;107;41
3200;5000;16-12-21;129;338
1699;4500;09-06-21;47;182
3328;7000;10-08-20;130;353
1680;7500;27-05-21;47;180
615;5500;25-12-20;125;61
989;4000;14-05-21;143;109
1721;3000;03-08-21;128;184
3415;5000;18-08-21;94;362
145;5000;24-06-21;104;13
1800;6500;25-08-21;87;192
1332;8500;09-07-21;126;142
2687;4500;12-01-21;139;281
3323;5000;20-08-21;130;352
3460;4000;24-05-21;100;367
2136;6500;09-04-21;88;224
3171;4500;07-10-21;129;336
967;7000;13-08-21;143;107
2529;7500;10-10-21;134;265
790;5000;05-01-21;96;83
7;4000;21-07-21;102;2
412;5000;09-05-21;107;40
2614;6500;02-10-21;86;276
2671;4000;05-10-21;139;280
2452;6500;11-01-21;36;256
2007;5000;26-02-21;123;214
2794;4000;19-03-21;10;291
14;5000;28-02-21;102;3
3179;5000;14-05-21;129;337
1415;4000;23-10-20;142;154
3237;5000;09-04-21;129;345
1933;9500;19-12-20;85;206
1018;5000;13-08-21;143;111
507;5500;23-11-20;146;50
217;5500;21-10-21;122;20
2549;9500;28-02-21;134;268
310;9500;06-04-21;97;29
2855;5500;27-02-21;30;299
944;3000;12-07-21;112;100
269;9500;28-04-21;109;25
1115;9500;02-08-21;23;124
2744;4000;14-12-21;80;286
593;5000;10-09-20;125;60
2597;5000;19-12-21;86;274
1704;9500;06-05-21;47;183
2519;3000;28-08-20;134;264
2856;5500;27-03-21;30;299
344;6500;23-07-21;116;33
1033;4000;18-12-20;79;114
918;5000;02-08-21;54;98
844;8000;11-03-20;40;88
2757;9500;16-02-21;80;288
538;5500;21-02-21;99;53
333;8000;27-04-21;108;31
1815;7500;03-05-21;121;195
524;7000;01-03-21;127;51
3470;4000;16-05-21;100;368
1782;3000;02-05-21;111;190
383;4000;07-10-20;107;39
153;6500;14-10-21;115;14
1155;5000;11-11-20;110;127
1463;6500;21-12-20;133;158
3329;7000;11-08-20;130;353
2560;9500;16-10-21;131;269
2023;5000;17-10-20;123;215
1412;5000;19-02-21;142;153
64;5000;02-08-21;22;8
1836;4000;01-02-21;82;197
960;4000;23-05-20;93;105
1133;3500;30-12-20;23;125
2533;4000;26-12-20;134;266
904;4000;20-06-21;54;97
1117;9500;04-08-21;23;124
3235;5000;07-04-21;129;345
101;5000;07-09-21;145;10
553;5000;25-09-20;99;54
545;5500;21-09-21;99;53
1326;8500;03-07-21;126;142
448;4000;24-03-21;146;46
428;6500;08-04-21;107;42
3392;5000;26-08-21;95;358
2900;6500;13-12-21;45;302
825;5500;23-11-20;40;87
32;4500;12-07-21;102;5
2810;6500;18-08-21;10;292
438;6500;05-02-21;101;45
434;6500;16-12-21;107;44
2997;3500;26-02-21;46;311
2999;3500;26-04-21;46;311
63;5000;01-08-21;22;8
1091;5000;14-07-20;148;121
1240;3000;16-12-21;11;135
1401;6500;28-07-21;106;151
3270;6500;12-01-20;130;349
174;4000;16-10-21;122;17
985;5000;28-11-21;143;108
3036;5000;13-05-21;98;318
3231;6500;26-12-21;129;343
521;7000;10-03-20;127;51
46;6500;28-04-21;22;7
2949;5500;28-02-21;144;308
2447;6500;06-01-21;36;256
1727;3000;09-08-21;128;184
2061;6500;19-12-20;123;218
683;6500;15-09-21;77;69
2120;5000;15-06-21;118;223
173;4000;16-09-21;122;17
2980;5000;19-03-21;46;310
317;6500;24-02-21;97;30
1696;4500;06-06-21;47;182
352;9500;06-01-21;116;34
771;5500;24-02-21;96;82
473;9500;16-11-21;146;47
2914;8000;24-08-21;69;305
1966;9500;04-12-21;85;208
2971;4500;19-06-21;46;309
1267;9500;20-10-20;74;138
3076;6500;24-08-20;113;325
2306;7500;24-11-21;136;238
774;5500;24-05-21;96;82
2405;5500;22-11-20;38;252
527;7000;04-03-21;127;51
3431;5000;19-12-21;76;365
3339;7000;09-08-21;130;353
2236;8500;04-09-21;35;233
3164;8500;10-10-21;129;334
3425;4000;27-10-21;94;364
3183;5000;14-09-21;129;337
2481;9500;04-06-21;36;259
2248;9500;06-11-21;35;234
1991;3000;11-06-20;123;213
671;5000;28-08-21;125;68
500;9500;28-11-21;146;49
2100;5000;10-10-21;118;221
2436;8000;05-08-21;36;255
3090;6500;24-10-21;113;325
1803;6500;25-11-21;87;192
1405;6500;28-11-21;106;151
3464;4000;24-09-21;100;367
895;4000;20-09-20;54;97
89;5000;28-12-21;145;9
3376;3500;16-08-21;135;356
3269;6500;11-01-20;130;349
3432;7000;21-06-20;76;366
1113;9500;12-08-20;23;124
3144;9500;05-06-21;129;333
2802;6500;18-12-20;10;292
231;7000;01-11-21;9;22
2006;5000;26-01-21;123;214
3225;6500;26-06-21;129;343
1226;3000;16-10-20;11;135
3125;8000;12-01-21;78;330
1026;5000;23-12-21;79;113
2609;6500;09-10-20;86;276
973;5000;30-11-20;143;108
370;5500;28-07-21;116;36
3296;5000;20-10-20;130;351
2139;6500;12-04-21;88;224
2697;5000;13-02-21;139;282
1435;6500;18-10-20;27;156
1511;9500;18-07-21;124;164
1259;6500;09-04-21;74;137
2054;8000;10-11-21;123;216
1915;8000;27-12-21;28;202
688;8000;11-03-21;77;70
3160;8500;06-10-21;129;334
3453;4000;24-10-20;100;367
1923;4500;20-08-21;28;204
675;6500;15-01-21;77;69
1645;4000;25-10-21;141;176
2898;6500;13-10-21;45;302
633;7000;18-11-21;125;64
2439;8000;08-08-21;36;255
1708;9500;10-05-21;47;183
127;6500;10-05-20;104;12
354;9500;08-01-21;116;34
3401;5000;07-01-21;132;359
1629;6500;14-08-21;150;174
1562;6500;11-08-20;64;169
3317;5000;20-02-21;130;352
1514;9500;18-10-21;124;164
2698;5000;13-03-21;139;282
3374;3500;16-06-21;135;356
2906;6500;08-08-21;45;304
892;8000;12-07-21;54;95
3411;5000;18-04-21;94;362
3300;5000;20-02-21;130;351
2055;8000;11-11-21;123;216
60;5000;10-08-20;22;8
3101;5000;25-05-20;78;328
264;9500;29-11-20;109;25
2876;4000;23-12-20;147;301
2103;5000;07-11-21;118;222
2573;9500;07-11-21;131;272
2309;6500;18-03-21;136;239
2805;6500;18-03-21;10;292
2300;3000;09-09-21;136;237
1070;8500;16-10-21;41;119
1913;8000;27-10-21;28;202
1614;6500;14-05-20;150;174
2426;8000;14-03-21;36;254
1986;9500;24-12-21;90;212
1746;4500;17-07-21;128;186
1757;5000;10-06-21;114;187
2867;4000;08-07-20;30;300
755;5000;24-09-21;96;80
2069;6500;19-08-21;123;218
336;8000;27-07-21;108;31
1972;9500;10-12-21;85;208
1954;3000;27-03-21;85;207
1688;4000;19-12-21;47;181
1698;4500;08-06-21;47;182
222;3500;08-11-20;9;21
2497;5000;02-04-21;134;262
427;6500;07-04-21;107;42
1053;6500;19-04-21;79;115
305;9500;01-04-21;97;29
1750;4500;17-11-21;128;186
2727;9500;05-11-21;80;285
2535;4000;26-02-21;134;266
606;5000;11-09-21;125;60
972;5000;30-10-20;143;108
857;8000;12-03-21;40;88
417;5500;03-10-21;107;41
1741;4500;17-02-21;128;186
600;5000;05-09-21;125;60
1632;6500;14-11-21;150;174
674;6500;15-12-20;77;69
1832;9500;17-11-21;121;196
1296;6500;09-05-21;117;139
1287;6500;12-05-20;117;139
1285;6500;10-05-20;117;139
2723;9500;01-11-21;80;285
2374;5000;12-08-21;91;247
3223;7500;11-05-21;129;342
1701;4500;11-06-21;47;182
1951;3000;27-12-20;85;207
1820;7500;08-05-21;121;195
1045;6500;19-08-20;79;115
3007;5000;10-10-21;46;312
3156;8500;02-10-21;129;334
1754;5000;07-06-21;114;187
2798;6500;18-08-20;10;292
408;5000;05-05-21;107;40
208;5500;21-01-21;122;20
1427;4000;23-10-21;142;154
1798;6500;12-06-21;111;191
2846;5000;11-02-20;30;298
698;5000;10-02-21;77;72
2701;5000;13-06-21;139;282
1917;8500;08-04-21;28;203
744;5000;24-10-20;96;80
3360;4500;30-11-20;135;355
3364;3500;16-08-20;135;356
573;9500;09-11-21;99;57
567;5000;25-11-21;99;54
1664;3000;05-08-21;47;179
961;4000;23-06-20;93;105
1826;9500;17-05-21;121;196
896;4000;20-10-20;54;97
2797;6500;18-07-20;10;292
44;6500;28-02-21;22;7
3216;7000;07-06-21;129;341
775;5500;24-06-21;96;82
3203;8000;23-12-21;129;339
1168;9500;20-05-21;110;129
1034;4000;18-01-21;79;114
1998;3000;06-06-21;123;213
2771;3000;28-10-20;80;289
1337;8000;09-10-21;120;143
2806;6500;18-04-21;10;292
1417;4000;23-12-20;142;154
2040;8000;08-11-20;123;216
107;8000;15-05-20;104;11
2231;8500;11-09-20;35;233
3202;8000;23-11-21;129;339
3011;8500;05-01-21;44;313
1797;6500;11-06-21;111;191
1165;9500;20-02-21;110;129
3177;5000;14-03-21;129;337
1397;8000;16-09-21;106;150
1522;7500;25-02-21;64;166
621;6500;19-05-21;125;63
366;5500;28-03-21;116;36
2210;9500;22-09-21;92;231
404;5000;01-05-21;107;40
1385;8000;16-09-20;106;150
3418;5000;18-11-21;94;362
148;5000;24-09-21;104;13
273;7000;03-02-21;97;26
15;5000;28-03-21;102;3
2245;9500;03-11-21;35;234
379;5500;25-06-21;107;38
2277;6500;18-12-20;84;236
1786;3000;06-05-21;111;190
537;5000;07-10-20;127;52
1709;9500;11-05-21;47;183
3282;6500;02-07-21;130;350
3262;3000;19-10-21;129;348
2628;7000;15-08-20;12;277
1830;9500;17-09-21;121;196
2254;5000;19-09-20;35;235
668;5000;28-05-21;125;68
1351;3500;25-01-21;120;146
3357;4500;30-08-20;135;355
2443;8000;12-08-21;36;255
2891;6500;13-03-21;45;302
2265;5000;19-08-21;35;235
248;6500;14-10-21;9;23
3102;5000;25-06-20;78;328
3137;5000;30-11-21;129;332
3065;8500;23-12-21;138;323
1170;9500;20-07-21;110;129
3350;7500;18-07-21;135;354
3281;6500;01-07-21;130;350
1961;3000;27-10-21;85;207
27;7000;24-10-21;102;4
3315;5000;20-12-20;130;352
271;9500;28-06-21;109;25
251;6500;16-02-21;109;24
903;4000;20-05-21;54;97
3377;3500;16-09-21;135;356
1864;6500;20-04-21;83;199
2200;8000;10-02-21;13;230
1595;5000;12-11-21;150;172
2878;4000;23-02-21;147;301
810;7000;21-07-21;40;85
1172;9500;20-09-21;110;129
1107;5000;11-11-21;148;122
1842;4000;07-02-21;82;197
1434;6500;18-09-20;27;156
2320;7000;10-01-21;136;240
976;5000;28-02-21;143;108
1103;5000;07-11-21;148;122
241;7000;11-11-21;9;22
2144;5000;20-09-20;88;225
2382;4000;26-11-20;38;250
323;6500;24-08-21;97;30
2416;5500;22-10-21;38;252
1181;8000;17-08-21;110;130
2818;5000;25-01-21;10;293
930;6500;12-06-21;112;99
51;6500;28-09-21;22;7
2141;5000;20-06-20;88;225
3452;4000;24-09-20;100;367
2415;5500;22-09-21;38;252
2074;3000;28-10-20;118;219
854;8000;09-03-21;40;88
1807;8500;12-12-21;121;194
2547;9500;30-12-20;134;268
296;7500;20-12-21;97;28
3159;8500;05-10-21;129;334
2150;5000;20-03-21;88;225
601;5000;06-09-21;125;60
1390;8000;16-02-21;106;150
1918;8500;09-04-21;28;203
2536;4000;26-03-21;134;266
2576;9500;10-11-21;131;272
2956;5500;28-09-21;144;308
3258;9500;12-11-21;129;347
850;8000;05-03-21;40;88
2485;9500;08-06-21;36;259
1770;5500;10-01-21;111;188
740;5000;18-11-21;89;78
1030;4000;18-09-20;79;114
1865;6500;20-05-21;83;199
2702;5000;13-07-21;139;282
1100;5000;04-11-21;148;122
942;3000;10-07-21;112;100
2510;5000;30-07-21;134;263
1578;3500;03-11-21;150;171
3184;5000;14-10-21;129;337
3406;5000;12-01-21;132;359
1179;8000;17-06-21;110;130
2308;6500;18-02-21;136;239
1311;5000;26-04-21;126;140
3015;6500;09-09-21;44;314
2495;5000;12-04-20;134;262
2400;5500;22-06-20;38;252
230;7000;12-11-20;9;22
2728;9500;06-11-21;80;285
2737;4000;14-05-21;80;286
909;4000;20-11-21;54;97
3303;5000;20-05-21;130;351
936;3000;04-07-21;112;100
34;6500;08-11-21;22;6
1198;5500;22-11-20;81;133
1885;9500;11-07-21;83;200
848;8000;03-03-21;40;88
1976;7500;21-04-21;85;209
2902;4500;25-07-21;45;303
2545;9500;31-10-20;134;268
3481;6500;14-12-21;102;370
243;6500;14-05-21;9;23
1495;8000;10-08-21;133;161
2575;9500;09-11-21;131;272
2460;5000;23-12-21;36;257
1876;9500;02-07-21;83;200
2118;5000;15-04-21;118;223
1215;5000;07-02-21;11;134
485;5000;28-08-21;146;48
690;6500;31-08-21;77;71
2391;4000;26-08-21;38;250
3333;7000;03-08-21;130;353
923;5000;07-08-21;54;98
1003;8500;30-10-21;143;110
329;8000;27-12-20;108;31
1661;3000;02-08-21;47;179
138;6500;09-05-21;104;12
3244;5000;14-11-20;129;346
2768;3000;28-07-20;80;289
754;5000;24-08-21;96;80
397;4000;09-10-21;107;39
2691;5000;13-08-20;139;282
1293;6500;06-05-21;117;139
1967;9500;05-12-21;85;208
2972;4500;19-07-21;46;309
3028;5000;22-11-21;44;316
3166;9500;17-07-20;129;335
492;9500;28-03-21;146;49
3402;5000;08-01-21;132;359
889;8000;09-07-21;54;95
10;4000;21-10-21;102;2
3063;5000;24-12-21;138;322
2755;9500;16-12-20;80;288
1662;3000;03-08-21;47;179
432;9500;23-09-21;107;43
2475;9500;10-06-20;36;259
559;5000;25-03-21;99;54
3053;7500;29-08-21;98;320
1548;5500;04-05-21;64;168
147;5000;24-08-21;104;13
3173;4500;09-10-21;129;336
504;5500;23-08-20;146;50
3129;7000;13-06-21;140;331
1431;8000;30-10-21;27;155
3109;5000;20-08-21;78;329
3072;6500;13-02-21;138;324
289;7500;20-05-21;97;28
2350;6500;30-11-21;19;244
318;6500;24-03-21;97;30
627;6500;19-11-21;125;63
1306;5000;26-11-20;126;140
880;7500;17-09-21;40;91
1167;9500;20-04-21;110;129
2602;8500;18-09-21;86;275
3446;7000;21-08-21;76;366
2520;3000;28-09-20;134;264
803;5000;10-09-21;137;84
1288;6500;01-05-21;117;139
2652;4000;17-12-20;12;278
1039;4000;18-06-21;79;114
3081;6500;24-01-21;113;325
1601;9500;12-04-20;150;173
2592;5000;19-07-21;86;274
3151;9500;12-06-21;129;333
1210;5500;22-11-21;81;133
3259;3000;19-07-21;129;348
3444;7000;21-06-21;76;366
2085;3000;28-09-21;118;219
2540;9500;08-07-21;134;267
1988;3000;08-06-20;123;213
1570;6500;07-08-21;64;169
571;5000;21-06-21;99;56
1291;6500;04-05-21;117;139
2169;3000;12-04-20;149;227
525;7000;02-03-21;127;51
378;5500;25-05-21;107;38
2224;5000;15-09-21;35;232
3207;6500;09-10-20;129;340
1560;6500;09-08-20;64;169
406;5000;03-05-21;107;40
1461;6500;21-10-20;133;158
691;6500;30-09-21;77;71
2262;5000;19-05-21;35;235
1843;4000;08-02-21;82;197
858;5000;28-08-21;40;89
2146;5000;20-11-20;88;225
3252;5000;14-07-21;129;346
8;4000;21-08-21;102;2
3390;5000;26-06-21;95;358
1399;8000;16-11-21;106;150
2822;5000;25-05-21;10;293
2033;5000;17-08-21;123;215
468;9500;16-06-21;146;47
3272;6500;02-01-21;130;349
210;5500;21-03-21;122;20
2582;6500;23-09-21;131;273
1745;4500;17-06-21;128;186
1073;5500;07-09-20;148;120
776;5500;24-07-21;96;82
856;8000;11-03-21;40;88
3117;8000;04-01-21;78;330
2678;4000;12-10-21;139;280
2164;3500;14-09-21;88;226
828;5500;23-02-21;40;87
3064;8500;23-11-21;138;323
3146;9500;07-06-21;129;333
2129;6500;02-04-21;88;224
1476;5000;07-09-20;133;159
1634;5000;03-01-21;141;175
750;5000;24-04-21;96;80
2847;5000;12-02-20;30;298
1257;6500;07-04-21;74;137
2605;8500;18-12-21;86;275
150;5000;24-11-21;104;13
2425;8000;14-02-21;36;254
1908;8000;27-05-21;28;202
470;9500;16-08-21;146;47
371;5500;28-08-21;116;36
1387;8000;16-11-20;106;150
2800;6500;18-10-20;10;292
2662;8000;06-03-21;139;279
2070;6500;19-09-21;123;218
55;5000;05-08-20;22;8
3113;5000;20-12-21;78;329
926;5000;10-08-21;54;98
582;6500;28-04-21;99;58
1199;5500;22-12-20;81;133
1191;4000;27-12-21;110;131
2307;7500;24-12-21;136;238
2483;9500;06-06-21;36;259
888;8000;08-07-21;54;95
3016;6500;10-09-21;44;314
1000;8500;30-07-21;143;110
3122;8000;09-01-21;78;330
792;5000;07-01-21;96;83
2031;5000;17-06-21;123;215
1265;9500;20-08-20;74;138
303;9500;11-04-20;97;29
2343;6500;30-04-21;19;244
3393;5000;26-09-21;95;358
672;6500;15-10-20;77;69
2271;6500;18-06-20;84;236
1565;6500;02-08-21;64;169
2068;6500;19-07-21;123;218
1860;6500;20-12-20;83;199
2227;5000;15-12-21;35;232
501;9500;28-12-21;146;49
630;7000;18-08-21;125;64
2579;6500;23-06-21;131;273
1553;5500;09-05-21;64;168
1273;9500;20-04-21;74;138
2264;5000;19-07-21;35;235
837;5500;23-11-21;40;87
1977;7500;21-05-21;85;209
1057;8500;10-06-21;105;117
2237;8500;05-09-21;35;233
1242;5500;15-03-21;74;136
1695;4500;05-06-21;47;182
787;5000;02-01-21;96;83
312;9500;08-04-21;97;29
1359;3500;25-09-21;120;146
3010;8500;04-01-21;44;313
619;6500;19-03-21;125;63
1817;7500;05-05-21;121;195
1545;5500;01-05-21;64;168
847;8000;02-03-21;40;88
2667;8000;11-03-21;139;279
1145;3500;28-12-21;23;125
1043;4000;18-10-21;79;114
2941;4500;01-01-21;144;307
697;5000;09-02-21;77;72
1882;9500;08-07-21;83;200
2238;8500;06-09-21;35;233
1718;3000;12-08-20;128;184
104;5000;10-09-21;145;10
700;5000;12-02-21;77;72
2296;3000;05-09-21;136;237
1212;5000;04-02-21;11;134
2041;8000;09-11-20;123;216
1096;5000;14-12-20;148;121
2612;6500;12-10-20;86;276
548;5500;21-12-21;99;53
1252;6500;02-04-21;74;137
458;9500;16-08-20;146;47
2918;8000;24-12-21;69;305
2090;8500;17-12-21;118;220
1263;9500;20-06-20;74;138
205;5500;21-10-20;122;20
2321;7000;11-01-21;136;240
1910;8000;27-07-21;28;202
2366;5000;04-08-21;91;247
1289;6500;02-05-21;117;139
2304;7500;24-09-21;136;238
1527;3000;19-12-20;64;167
17;5000;28-05-21;102;3
1839;4000;04-02-21;82;197
21;5000;28-09-21;102;3
3194;5000;16-06-21;129;338
1024;5000;23-10-21;79;113
853;8000;08-03-21;40;88
2340;6500;12-01-21;19;242
1299;6500;12-05-21;117;139
2907;6500;09-08-21;45;304
16;5000;28-04-21;102;3
3249;5000;14-04-21;129;346
2574;9500;08-11-21;131;272
2783;3000;28-10-21;80;289
2289;6500;18-12-21;84;236
2491;4500;11-09-21;134;261
2490;5000;15-12-21;36;260
3188;5000;16-12-20;129;338
1083;5500;05-09-21;148;120
1260;6500;10-04-21;74;137
3092;6500;24-12-21;113;325
1329;8500;06-07-21;126;142
1349;3500;25-11-20;120;146
3080;6500;24-12-20;113;325
400;4000;12-10-21;107;39
1573;6500;10-08-21;64;169
1853;6500;06-05-21;83;198
2532;4000;26-11-20;134;266
1660;3000;01-08-21;47;179
2272;6500;18-07-20;84;236
1886;9500;12-07-21;83;200
1074;5500;08-09-20;148;120
982;5000;28-08-21;143;108
2851;5000;04-02-21;30;298
1561;6500;10-08-20;64;169
2901;4500;25-06-21;45;303
585;6500;28-07-21;99;58
1361;3500;25-11-21;120;146
1771;5500;11-01-21;111;188
2250;9500;08-11-21;35;234
1362;3500;25-12-21;120;146
2530;7500;11-10-21;134;265
2052;8000;08-11-21;123;216
3221;7500;09-05-21;129;342
1569;6500;06-08-21;64;169
57;5000;07-08-20;22;8
1281;9500;20-12-21;74;138
26;7000;24-09-21;102;4
652;4000;24-04-21;125;67
2637;7000;15-05-21;12;277
1224;3000;16-08-20;11;135
669;5000;28-06-21;125;68
509;5500;23-01-21;146;50
2555;9500;28-08-21;134;268
2694;5000;13-11-20;139;282
3336;7000;06-08-21;130;353
2063;6500;19-02-21;123;218
2537;9500;05-07-21;134;267
1114;9500;01-08-21;23;124
2825;5000;25-08-21;10;293
1227;3000;16-11-20;11;135
1540;5500;08-05-20;64;168
220;3500;06-11-20;9;21
3480;6500;14-11-21;102;370
420;5500;06-10-21;107;41
2526;7500;07-10-21;134;265
3106;5000;20-05-21;78;329
11;4000;21-11-21;102;2
890;8000;10-07-21;54;95
2002;3000;10-06-21;123;213
2406;5500;22-12-20;38;252
126;8000;15-12-21;104;11
3379;3500;16-11-21;135;356
116;8000;15-02-21;104;11
561;5000;25-05-21;99;54
3095;5000;16-02-21;78;326
3253;5000;14-08-21;129;346
2035;5000;17-10-21;123;215
3395;5000;26-11-21;95;358
879;7500;17-08-21;40;91
1391;8000;16-03-21;106;150
974;5000;30-12-20;143;108
1773;3500;27-09-21;111;189
716;6500;17-10-20;89;74
762;5500;24-05-20;96;82
2126;5000;15-12-21;118;223
84;5000;28-07-21;145;9
2940;4500;12-01-20;144;307
2279;6500;18-02-21;84;236
732;5000;18-03-21;89;78
295;7500;20-11-21;97;28
2114;5000;15-12-20;118;223
1539;3000;19-12-21;64;167
1069;8500;16-09-21;41;119
1831;9500;17-10-21;121;196
1592;5000;09-11-21;150;172
1555;5500;11-05-21;64;168
1177;8000;17-04-21;110;130
1581;3500;06-11-21;150;171
3301;5000;20-03-21;130;351
3421;5000;28-02-21;94;363
2720;8000;30-11-21;80;284
764;5500;24-07-20;96;82
512;5500;23-04-21;146;50
3062;5000;24-11-21;138;322
3408;5000;12-03-21;132;360
2359;5000;09-08-20;91;247
2314;6500;18-08-21;136;239
343;5000;12-10-21;108;32
19;5000;28-07-21;102;3
1302;5000;26-07-20;126;140
5;4000;21-05-21;102;2
1861;6500;20-01-21;83;199
2930;4000;26-07-21;144;306
3298;5000;20-12-20;130;351
2470;5500;12-07-21;36;258
1368;9500;07-06-21;120;147
307;9500;03-04-21;97;29
3189;5000;16-01-21;129;338
1230;3000;16-02-21;11;135
2884;4000;23-08-21;147;301
597;5000;02-09-21;125;60
3352;7500;18-09-21;135;354
431;6500;11-04-21;107;42
575;9500;11-11-21;99;57
422;5500;08-10-21;107;41
1040;4000;18-07-21;79;114
3057;7500;29-12-21;98;320
761;7500;07-11-21;96;81
594;5000;11-09-20;125;60
1971;9500;09-12-21;85;208
1010;5000;13-12-20;143;111
40;6500;28-10-20;22;7
3438;7000;21-12-20;76;366
1470;6500;21-07-21;133;158
735;5000;18-06-21;89;78
2287;6500;18-10-21;84;236
28;7000;24-11-21;102;4
1127;3500;30-06-20;23;125
3046;6500;18-08-21;98;319
726;5000;18-09-20;89;78
804;5000;11-09-21;137;84
1469;6500;21-06-21;133;158
1584;3500;09-11-21;150;171
1879;9500;05-07-21;83;200
2991;3500;26-08-20;46;311
3227;6500;26-08-21;129;343
2381;4000;26-10-20;38;250
3346;7500;18-03-21;135;354
1491;8000;06-08-21;133;161
591;5000;08-09-20;125;60
2339;6500;11-01-21;19;242
2567;4000;12-07-21;131;271
1858;6500;11-05-21;83;198
1402;6500;28-08-21;106;151
1996;3000;04-06-21;123;213
304;9500;12-04-20;97;29
3398;5000;04-01-21;132;359
2522;3000;28-11-20;134;264
212;5500;21-05-21;122;20
539;5500;21-03-21;99;53
1109;9500;20-06-21;148;123
1604;9500;03-04-21;150;173
3312;5000;20-09-20;130;352
2001;3000;09-06-21;123;213
199;3000;06-11-21;122;19
88;5000;28-11-21;145;9
3382;6500;30-11-21;135;357
331;8000;27-02-21;108;31
1776;3000;08-05-20;111;190
1081;5500;03-09-21;148;120
2464;5500;06-07-21;36;258
1080;5500;02-09-21;148;120
2089;8500;17-11-21;118;220
158;3000;26-06-21;115;15
311;9500;07-04-21;97;29
1250;5500;15-11-21;74;136
2384;4000;26-01-21;38;250
1456;6500;21-05-20;133;158
2429;8000;14-06-21;36;254
2866;4000;07-07-20;30;300
191;3000;10-11-20;122;19
530;7000;07-03-21;127;51
1903;8000;10-10-21;28;201
396;4000;08-10-21;107;39
1869;6500;20-09-21;83;199
2660;8000;04-03-21;139;279
2655;4000;17-03-21;12;278
2617;6500;05-10-21;86;276
860;5000;28-10-21;40;89
3058;4000;10-03-21;98;321
1064;8500;16-04-21;41;119
1241;5500;15-02-21;74;136
3130;7000;13-07-21;140;331
1785;3000;05-05-21;111;190
635;5000;27-06-21;125;65
796;5000;11-01-21;96;83
1833;9500;17-12-21;121;196
1158;9500;20-07-20;110;129
1953;3000;27-02-21;85;207
469;9500;16-07-21;146;47
1236;3000;16-08-21;11;135
2911;8000;24-05-21;69;305
1995;3000;03-06-21;123;213
121;8000;15-07-21;104;11
3456;4000;24-01-21;100;367
1406;6500;28-12-21;106;151
1159;9500;20-08-20;110;129
3155;8500;01-10-21;129;334
1331;8500;08-07-21;126;142
411;5000;08-05-21;107;40
3112;5000;20-11-21;78;329
812;7000;21-09-21;40;85
670;5000;28-07-21;125;68
855;8000;10-03-21;40;88
1157;6500;28-12-21;110;128
866;4000;26-07-21;40;90
2315;6500;18-09-21;136;239
1381;9500;11-12-21;106;149
1484;8000;11-08-20;133;161
2022;5000;17-09-20;123;215
2984;5000;19-07-21;46;310
1538;3000;19-11-21;64;167
1348;3500;25-10-20;120;146
2811;6500;18-09-21;10;292
2131;6500;04-04-21;88;224
1148;7500;14-10-21;110;126
1207;5500;22-08-21;81;133
365;5500;28-02-21;116;36
2317;6500;18-11-21;136;239
377;5500;25-04-21;107;38
1687;7500;27-12-21;47;180
274;7000;04-02-21;97;26
2284;6500;18-07-21;84;236
2015;5000;26-10-21;123;214
382;4000;06-10-20;107;39
616;5500;25-01-21;125;61
1872;6500;20-12-21;83;199
3145;9500;06-06-21;129;333
1446;6500;18-09-21;27;156
2014;5000;26-09-21;123;214
1532;3000;19-05-21;64;167
1378;9500;08-12-21;106;149
1262;6500;12-04-21;74;137
806;7000;21-03-21;40;85
433;9500;23-10-21;107;43
3426;4000;27-11-21;94;364
543;5500;21-07-21;99;53
2255;5000;19-10-20;35;235
2109;5000;15-07-20;118;223
3256;5000;14-11-21;129;346
1766;5500;06-01-21;111;188
2398;5000;19-12-21;38;251
3441;7000;21-03-21;76;366
1682;7500;27-07-21;47;180
2203;9500;22-02-21;92;231
1516;9500;18-12-21;124;164
1925;4500;20-10-21;28;204
1433;8000;30-12-21;27;155
836;5500;23-10-21;40;87
859;5000;28-09-21;40;89
2994;3500;26-11-20;46;311
2294;3000;03-09-21;136;237
3241;5000;14-08-20;129;346
1426;4000;23-09-21;142;154
2361;5000;11-08-20;91;247
2708;5000;23-09-20;80;283
413;5000;10-05-21;107;40
131;6500;02-05-21;104;12
1407;8500;18-11-21;142;152
297;9500;05-04-20;97;29
3162;8500;08-10-21;129;334
2986;5000;19-09-21;46;310
1473;6500;21-10-21;133;158
602;5000;07-09-21;125;60
2435;8000;14-12-21;36;254
2724;9500;02-11-21;80;285
941;3000;09-07-21;112;100
605;5000;10-09-21;125;60
3060;4000;12-03-21;98;321
2821;5000;25-04-21;10;293
3437;7000;21-11-20;76;366
3236;5000;08-04-21;129;345
3285;6500;05-07-21;130;350
2713;5000;23-02-21;80;283
489;9500;28-12-20;146;49
1481;7500;28-10-21;133;160
2082;3000;28-06-21;118;219
2341;5000;29-04-21;19;243
1239;3000;16-11-21;11;135
907;4000;20-09-21;54;97
2639;7000;15-07-21;12;277
1017;5000;13-07-21;143;111
3463;4000;24-08-21;100;367
816;6500;21-06-21;40;86
3306;5000;20-08-21;130;351
2915;8000;24-09-21;69;305
3029;5000;22-12-21;44;316
802;5000;09-09-21;137;84
2170;3000;01-04-21;149;227
2423;8000;14-12-20;36;254
924;5000;08-08-21;54;98
2796;6500;18-06-20;10;292
2180;3000;11-04-21;149;227
952;5500;20-05-21;93;104
2752;9500;16-09-20;80;288
320;6500;24-05-21;97;30
916;5000;12-08-20;54;98
1129;3500;30-08-20;23;125
2476;9500;11-06-20;36;259
899;4000;20-01-21;54;97
1448;6500;18-11-21;27;156
2833;5000;28-09-21;119;294
1354;3500;25-04-21;120;146
2408;5500;22-02-21;38;252
3366;3500;16-10-20;135;356
1465;6500;21-02-21;133;158
2756;9500;16-01-21;80;288
285;7500;20-01-21;97;28
1736;4500;17-09-20;128;186
2257;5000;19-12-20;35;235
1964;9500;02-12-21;85;208
664;5000;30-01-21;125;68
1978;5000;15-01-21;90;210
6;4000;21-06-21;102;2
1979;5000;15-02-21;90;210
462;9500;16-12-20;146;47
626;6500;19-10-21;125;63
2588;5000;19-03-21;86;274
3473;4000;16-08-21;100;368
1572;6500;09-08-21;64;169
1670;3000;11-08-21;47;179
3359;4500;30-10-20;135;355
2890;6500;13-02-21;45;302
1445;6500;18-08-21;27;156
891;8000;11-07-21;54;95
1928;7500;11-09-21;28;205
1737;4500;17-10-20;128;186
1439;6500;18-02-21;27;156
2067;6500;19-06-21;123;218
2049;8000;05-11-21;123;216
1663;3000;04-08-21;47;179
2650;4000;17-10-20;12;278
1529;3000;19-02-21;64;167
3021;5000;22-04-21;44;316
2661;8000;05-03-21;139;279
99;5000;05-09-21;145;10
211;5500;21-04-21;122;20
639;5000;27-10-21;125;65
842;8000;09-03-20;40;88
1596;9500;07-04-20;150;173
2735;4000;14-03-21;80;286
2432;8000;14-09-21;36;254
2487;9500;10-06-21;36;259
1804;6500;25-12-21;87;192
123;8000;15-09-21;104;11
3073;6500;13-03-21;138;324
721;5000;26-11-21;89;76
2937;4500;09-01-20;144;307
950;5000;23-11-21;112;103
1591;5000;08-11-21;150;172
2044;8000;12-11-20;123;216
2629;7000;15-09-20;12;277
546;5500;21-10-21;99;53
407;5000;04-05-21;107;40
1047;6500;19-10-20;79;115
636;5000;27-07-21;125;65
2319;7000;09-01-21;136;240
562;5000;25-06-21;99;54
2554;9500;28-07-21;134;268
2733;9500;11-11-21;80;285
966;7000;26-09-21;93;106
3088;6500;24-08-21;113;325
322;6500;24-07-21;97;30
2273;6500;18-08-20;84;236
109;8000;15-07-20;104;11
2706;5000;13-11-21;139;282
1518;5500;30-09-21;64;165
2072;6500;19-11-21;123;218
1360;3500;25-10-21;120;146
235;7000;05-11-21;9;22
852;8000;07-03-21;40;88
581;6500;28-03-21;99;58
993;4000;14-09-21;143;109
1202;5500;22-03-21;81;133
3314;5000;20-11-20;130;352
975;5000;30-01-21;143;108
3110;5000;20-09-21;78;329
2518;3000;28-07-20;134;264
1046;6500;19-09-20;79;115
1686;7500;27-11-21;47;180
881;7500;17-10-21;40;91
2167;3500;14-12-21;88;226
73;5000;11-08-21;22;8
1510;9500;18-06-21;124;164
3079;6500;24-11-20;113;325
1187;4000;27-08-21;110;131
1625;6500;14-04-21;150;174
2892;6500;13-04-21;45;302
3455;4000;24-12-20;100;367
496;9500;28-07-21;146;49
1728;3000;10-08-21;128;184
1282;6500;07-05-20;117;139
380;5500;25-07-21;107;38
1792;3000;12-05-21;111;190
2883;4000;23-07-21;147;301
1653;3000;06-08-20;47;179
1436;6500;18-11-20;27;156
1011;5000;13-01-21;143;111
3196;5000;16-08-21;129;338
1838;4000;03-02-21;82;197
2412;5500;22-06-21;38;252
355;9500;09-01-21;116;34
2954;5500;28-07-21;144;308
1644;4000;25-09-21;141;176
1937;9500;19-04-21;85;206
3257;5000;14-12-21;129;346
122;8000;15-08-21;104;11
2379;4000;26-08-20;38;250
2480;9500;03-06-21;36;259
1035;4000;18-02-21;79;114
2378;9500;25-12-21;38;249
2544;9500;12-07-21;134;267
953;5500;20-06-21;93;104
452;4000;24-07-21;146;46
1556;5500;12-05-21;64;168
1729;3000;11-08-21;128;184
3435;7000;21-09-20;76;366
1374;4000;24-09-21;106;148
1400;8000;16-12-21;106;150
2977;4500;19-12-21;46;309
3030;6500;11-07-21;44;317
3288;6500;08-07-21;130;350
3027;5000;22-10-21;44;316
143;5000;24-04-21;104;13
81;5000;28-04-21;145;9
1050;6500;19-01-21;79;115
495;9500;28-06-21;146;49
577;6500;30-11-20;99;58
1987;3000;07-06-20;123;213
237;7000;07-11-21;9;22
2531;7500;12-10-21;134;265
1717;3000;11-08-20;128;184
2268;5000;19-11-21;35;235
1993;3000;01-06-21;123;213
2511;5000;30-08-21;134;263
3409;5000;24-10-20;94;361
3083;6500;24-03-21;113;325
3025;5000;22-08-21;44;316
272;7000;02-02-21;97;26
1950;3000;27-11-20;85;207
2763;9500;16-08-21;80;288
1078;5500;12-09-20;148;120
2080;3000;28-04-21;118;219
1574;6500;11-08-21;64;169
1099;5000;14-03-21;148;121
1690;4500;12-06-20;47;182
387;4000;11-10-20;107;39
207;5500;21-12-20;122;20
190;3000;09-11-20;122;19
1854;6500;07-05-21;83;198
678;6500;15-04-21;77;69
306;9500;02-04-21;97;29
948;5000;19-11-20;112;102
3141;9500;02-06-21;129;333
865;4000;26-06-21;40;90
558;5000;25-02-21;99;54
2177;3000;08-04-21;149;227
2710;5000;23-11-20;80;283
2804;6500;18-02-21;10;292
3326;5000;20-11-21;130;352
1166;9500;20-03-21;110;129
2202;9500;22-01-21;92;231
2318;6500;18-12-21;136;239
995;4000;14-11-21;143;109
1464;6500;21-01-21;133;158
3019;5500;17-11-21;44;315
2686;4500;11-01-21;139;281
1067;8500;16-07-21;41;119
189;5000;12-09-21;122;18
1089;5500;11-09-21;148;120
1042;4000;18-09-21;79;114
236;7000;06-11-21;9;22
1036;4000;18-03-21;79;114
239;7000;09-11-21;9;22
36;6500;10-11-21;22;6
2899;6500;13-11-21;45;302
785;5000;12-01-20;96;83
625;6500;19-09-21;125;63
250;6500;14-12-21;9;23
41;6500;28-11-20;22;7
3251;5000;14-06-21;129;346
2376;5000;30-04-21;38;248
2624;6500;12-10-21;86;276
2508;5000;31-05-21;134;263
1373;9500;12-06-21;120;147
42;6500;28-12-20;22;7
2217;5000;15-02-21;35;232
921;5000;05-08-21;54;98
2732;9500;10-11-21;80;285
2370;5000;08-08-21;91;247
1902;8000;09-10-21;28;201
2903;4500;25-08-21;45;303
1142;3500;28-09-21;23;125
1707;9500;09-05-21;47;183
2377;9500;25-11-21;38;249
3124;8000;11-01-21;78;330
1521;7500;25-01-21;64;166
800;5000;07-09-21;137;84
1144;3500;28-11-21;23;125
2399;5500;22-05-20;38;252
2621;6500;09-10-21;86;276
384;4000;08-10-20;107;39
2722;9500;12-11-20;80;285
202;5500;21-07-20;122;20
3206;6500;08-10-20;129;340
328;8000;27-11-20;108;31
2777;3000;28-04-21;80;289
475;5000;31-10-20;146;48
3008;5000;11-10-21;46;312
1735;4500;17-08-20;128;186
3419;5000;18-12-21;94;362
3459;4000;24-04-21;100;367
3468;4000;16-03-21;100;368
3378;3500;16-10-21;135;356
128;6500;11-05-20;104;12
835;5500;23-09-21;40;87
3066;6500;13-08-20;138;324
778;5500;24-09-21;96;82
1318;5000;26-11-21;126;140
3120;8000;07-01-21;78;330
2466;5500;08-07-21;36;258
2106;5000;10-11-21;118;222
3152;8500;10-10-20;129;334
1624;6500;14-03-21;150;174
1580;3500;05-11-21;150;171
1809;7500;09-05-20;121;195
3383;5000;26-11-20;95;358
327;6500;24-12-21;97;30
3114;8000;01-01-21;78;330
956;5500;20-09-21;93;104
2929;4000;26-06-21;144;306
291;7500;20-07-21;97;28
395;4000;07-10-21;107;39
1720;3000;02-08-21;128;184
3199;5000;16-11-21;129;338
1501;5000;05-12-21;124;163
1549;5500;05-05-21;64;168
2964;4500;19-11-20;46;309
667;5000;28-04-21;125;68
2025;5000;17-12-20;123;215
2155;5000;20-08-21;88;225
2512;5000;30-09-21;134;263
3273;6500;03-01-21;130;349
3274;6500;04-01-21;130;349
3413;5000;18-06-21;94;362
1274;9500;20-05-21;74;138
2772;3000;28-11-20;80;289
622;6500;19-06-21;125;63
2386;4000;26-03-21;38;250
1784;3000;04-05-21;111;190
2981;5000;19-04-21;46;310
1163;9500;20-12-20;110;129
2291;3000;12-09-20;136;237
2689;5000;13-06-20;139;282
519;7000;08-03-20;127;51
2158;5000;20-11-21;88;225
1544;5500;12-05-20;64;168
1857;6500;10-05-21;83;198
2005;5000;26-12-20;123;214
1929;7500;12-09-21;28;205
2965;4500;19-12-20;46;309
725;5000;21-12-21;89;77
1739;4500;17-12-20;128;186
347;6500;23-10-21;116;33
1384;8000;16-08-20;106;150
184;5000;07-09-21;122;18
2171;3000;02-04-21;149;227
1899;8000;06-10-21;28;201
2076;3000;28-12-20;118;219
1098;5000;14-02-21;148;121
1411;5000;19-01-21;142;153
1654;3000;07-08-20;47;179
1673;7500;27-10-20;47;180
2620;6500;08-10-21;86;276
1276;9500;20-07-21;74;138
3018;6500;12-09-21;44;314
1235;3000;16-07-21;11;135
267;9500;28-02-21;109;25
2824;5000;25-07-21;10;293
1613;9500;12-04-21;150;173
2073;6500;19-12-21;123;218
2834;5000;28-10-21;119;294
1432;8000;30-11-21;27;155
2976;4500;19-11-21;46;309
2038;8000;06-11-20;123;216
1837;4000;02-02-21;82;197
2065;6500;19-04-21;123;218
3172;4500;08-10-21;129;336
1866;6500;20-06-21;83;199
245;6500;14-07-21;9;23
487;9500;28-10-20;146;49
2493;5000;10-04-20;134;262
503;5500;23-07-20;146;50
2505;5000;10-04-21;134;262
713;6500;17-07-20;89;74
2873;4000;02-07-21;30;300
2610;6500;10-10-20;86;276
3474;4000;16-09-21;100;368
300;9500;08-04-20;97;29
1536;3000;19-09-21;64;167
544;5500;21-08-21;99;53
2874;4000;03-07-21;30;300
3407;5000;11-03-21;132;360
1503;5000;07-12-21;124;163
2753;9500;16-10-20;80;288
2664;8000;08-03-21;139;279
2122;5000;15-08-21;118;223
2525;3000;28-02-21;134;264
1228;3000;16-12-20;11;135
2459;5000;23-11-21;36;257
2924;4000;26-01-21;144;306
1322;5000;12-09-21;126;141
1169;9500;20-06-21;110;129
2176;3000;07-04-21;149;227
1747;4500;17-08-21;128;186
182;5000;05-09-21;122;18
409;5000;06-05-21;107;40
2916;8000;24-10-21;69;305
2156;5000;20-09-21;88;225
2165;3500;14-10-21;88;226
2957;5500;28-10-21;144;308
2595;5000;19-10-21;86;274
906;4000;20-08-21;54;97
2889;6500;13-01-21;45;302
2842;3500;10-04-21;119;297
727;5000;18-10-20;89;78
595;5000;12-09-20;125;60
2985;5000;19-08-21;46;310
901;4000;20-03-21;54;97
2029;5000;17-04-21;123;215
2079;3000;28-03-21;118;219
2820;5000;25-03-21;10;293
1835;4000;12-02-20;82;197
2958;5500;28-11-21;144;308
1286;6500;11-05-20;117;139
2027;5000;17-02-21;123;215
2598;8500;18-05-21;86;275
1669;3000;10-08-21;47;179
2663;8000;07-03-21;139;279
1213;5000;05-02-21;11;134
1031;4000;18-10-20;79;114
398;4000;10-10-21;107;39
1802;6500;25-10-21;87;192
2431;8000;14-08-21;36;254
563;5000;25-07-21;99;54
2700;5000;13-05-21;139;282
238;7000;08-11-21;9;22
65;5000;03-08-21;22;8
1063;9500;12-12-21;105;118
1788;3000;08-05-21;111;190
286;7500;20-02-21;97;28
2513;5000;30-10-21;134;263
1420;4000;23-03-21;142;154
1341;5000;12-11-21;120;144
655;4000;24-07-21;125;67
752;5000;24-06-21;96;80
460;9500;16-10-20;146;47
935;3000;03-07-21;112;100
2607;6500;07-10-20;86;276
2119;5000;15-05-21;118;223
1559;6500;08-08-20;64;169
2919;4000;26-08-20;144;306
154;6500;14-11-21;115;14
2599;8500;18-06-21;86;275
2828;5000;25-11-21;10;293
1372;9500;11-06-21;120;147
3405;5000;11-01-21;132;359
542;5500;21-06-21;99;53
3038;5000;13-07-21;98;318
560;5000;25-04-21;99;54
1761;5500;01-01-21;111;188
103;5000;09-09-21;145;10
506;5500;23-10-20;146;50
2117;5000;15-03-21;118;223
2286;6500;18-09-21;84;236
247;6500;14-09-21;9;23
733;5000;18-04-21;89;78
877;7500;17-06-21;40;91
1552;5500;08-05-21;64;168
399;4000;11-10-21;107;39
724;5000;21-11-21;89;77
2917;8000;24-11-21;69;305
3047;6500;18-09-21;98;319
1557;6500;06-08-20;64;169
3449;7000;21-11-21;76;366
811;7000;21-08-21;40;85
1719;3000;01-08-21;128;184
1246;5500;15-07-21;74;136
2222;5000;15-07-21;35;232
3005;5000;08-10-21;46;312
1550;5500;06-05-21;64;168
3105;5000;20-04-21;78;329
1643;4000;25-08-21;141;176
106;5000;12-09-21;145;10
2868;4000;09-07-20;30;300
455;4000;24-10-21;146;46
2858;5500;27-05-21;30;299
1409;5000;19-11-20;142;153
1635;5000;04-01-21;141;175
1944;9500;19-11-21;85;206
529;7000;06-03-21;127;51
2453;6500;12-01-21;36;256
1568;6500;05-08-21;64;169
2274;6500;18-09-20;84;236
1796;6500;10-06-21;111;191
1277;9500;20-08-21;74;138
1694;4500;04-06-21;47;182
324;6500;24-09-21;97;30
3107;5000;20-06-21;78;329
2441;8000;10-08-21;36;255
2418;5500;22-12-21;38;252
2330;8000;15-05-21;136;241
175;4000;16-11-21;122;17
2625;7000;15-05-20;12;277
914;5000;10-08-20;54;98
1178;8000;17-05-21;110;130
1985;9500;24-11-21;90;212
1640;5000;09-01-21;141;175
3198;5000;16-10-21;129;338
52;6500;28-10-21;22;7
965;7000;26-08-21;93;106
1425;4000;23-08-21;142;154
2472;9500;07-06-20;36;259
2016;5000;26-11-21;123;214
2714;8000;31-05-21;80;284
3265;6500;07-01-20;130;349
1975;7500;21-03-21;85;209
1965;9500;03-12-21;85;208
2468;5500;10-07-21;36;258
369;5500;28-06-21;116;36
3176;4500;12-10-21;129;336
301;9500;09-04-20;97;29
1146;7500;14-08-21;110;126
298;9500;06-04-20;97;29
1343;7000;10-02-21;120;145
1642;5000;11-01-21;141;175
3084;6500;24-04-21;113;325
768;5500;24-11-20;96;82
1656;3000;09-08-20;47;179
555;5000;25-11-20;99;54
2020;5000;17-07-20;123;215
3386;5000;26-02-21;95;358
2715;8000;30-06-21;80;284
1149;5000;05-11-20;110;127
1752;5000;05-06-21;114;187
1339;8000;11-10-21;120;143
1087;5500;09-09-21;148;120
1237;3000;16-09-21;11;135
1827;9500;17-06-21;121;196
841;8000;08-03-20;40;88
161;3000;26-09-21;115;15
1023;7000;12-02-21;79;112
437;6500;04-02-21;101;45
2923;4000;26-12-20;144;306
256;6500;16-07-21;109;24
439;6500;06-02-21;101;45
3370;3500;16-02-21;135;356
875;7500;17-04-21;40;91
1502;5000;06-12-21;124;163
1587;3500;12-11-21;150;171
1132;3500;30-11-20;23;125
3086;6500;24-06-21;113;325
1888;8000;07-10-20;28;201
878;7500;17-07-21;40;91
551;5000;25-07-20;99;54
1513;9500;18-09-21;124;164
954;5500;20-07-21;93;104
2327;8000;15-02-21;136;241
1104;5000;08-11-21;148;122
3403;5000;09-01-21;132;359
1008;5000;13-10-20;143;111
2081;3000;28-05-21;118;219
3319;5000;20-04-21;130;352
2656;4000;17-04-21;12;278
1122;9500;09-08-21;23;124
2830;5000;28-06-21;119;294
717;8000;11-03-21;89;75
1821;7500;09-05-21;121;195
861;5000;28-11-21;40;89
3131;7000;13-08-21;140;331
3397;5000;03-01-21;132;359
335;8000;27-06-21;108;31
1705;9500;07-05-21;47;183
195;3000;02-11-21;122;19
2578;9500;12-11-21;131;272
822;6500;21-12-21;40;86
358;9500;12-01-21;116;34
1594;5000;11-11-21;150;172
2444;6500;03-01-21;36;256
2336;6500;08-01-21;19;242
3450;7000;21-12-21;76;366
1620;6500;14-11-20;150;174
1352;3500;25-02-21;120;146
2278;6500;18-01-21;84;236
261;6500;16-12-21;109;24
2448;6500;07-01-21;36;256
1355;3500;25-05-21;120;146
2434;8000;14-11-21;36;254
494;9500;28-05-21;146;49
1867;6500;20-07-21;83;199
2882;4000;23-06-21;147;301
3324;5000;20-09-21;130;352
2489;9500;12-06-21;36;259
24;5000;28-12-21;102;3
644;6500;15-10-21;125;66
719;5000;26-09-21;89;76
2256;5000;19-11-20;35;235
1233;3000;16-05-21;11;135
391;4000;03-10-21;107;39
526;7000;03-03-21;127;51
2947;5500;28-12-20;144;308
1780;3000;12-05-20;111;190
791;5000;06-01-21;96;83
45;6500;28-03-21;22;7
2944;5500;28-09-20;144;308
910;4000;20-12-21;54;97
3232;4000;10-06-21;129;344
2201;8000;11-02-21;13;230
1238;3000;16-10-21;11;135
288;7500;20-04-21;97;28
2835;5000;28-11-21;119;294
2183;6500;14-12-21;149;228
2094;5000;04-10-21;118;221
2428;8000;14-05-21;36;254
603;5000;08-09-21;125;60
193;3000;12-11-20;122;19
851;8000;06-03-21;40;88
332;8000;27-03-21;108;31
2186;6500;01-04-21;32;229
1840;4000;05-02-21;82;197
3385;5000;26-01-21;95;358
1048;6500;19-11-20;79;115
132;6500;03-05-21;104;12
679;6500;15-05-21;77;69
1909;8000;27-06-21;28;202
1824;7500;12-05-21;121;195
1268;9500;20-11-20;74;138
2543;9500;11-07-21;134;267
1874;9500;12-07-20;83;200
2301;3000;10-09-21;136;237
1999;3000;07-06-21;123;213
1733;6500;12-03-21;128;185
56;5000;06-08-20;22;8
2345;6500;30-06-21;19;244
1315;5000;26-08-21;126;140
2424;8000;14-01-21;36;254
2626;7000;15-06-20;12;277
2503;5000;08-04-21;134;262
2173;3000;04-04-21;149;227
2561;9500;16-11-21;131;269
2897;6500;13-09-21;45;302
82;5000;28-05-21;145;9
2613;6500;01-10-21;86;276
1931;9500;19-10-20;85;206
2601;8500;18-08-21;86;275
3192;5000;16-04-21;129;338
2138;6500;11-04-21;88;224
450;4000;24-05-21;146;46
1108;5000;12-11-21;148;122
682;6500;15-08-21;77;69
290;7500;20-06-21;97;28
746;5000;24-12-20;96;80
1472;6500;21-09-21;133;158
3167;4500;03-10-21;129;336
1504;9500;18-12-20;124;164
1755;5000;08-06-21;114;187
1216;5000;08-02-21;11;134
3001;5000;04-10-21;46;312
2383;4000;26-12-20;38;250
3043;5000;13-12-21;98;318
3093;5000;16-12-20;78;326
2921;4000;26-10-20;144;306
3353;7500;18-10-21;135;354
1806;8500;11-12-21;121;194
479;5000;28-02-21;146;48
163;3000;26-11-21;115;15
456;4000;24-11-21;146;46
2659;8000;03-03-21;139;279
1304;5000;26-09-20;126;140
2863;5500;27-10-21;30;299
2644;7000;15-12-21;12;277
2188;6500;03-04-21;32;229
550;5000;25-06-20;99;54
1855;6500;08-05-21;83;198
2993;3500;26-10-20;46;311
1124;9500;11-08-21;23;124
3461;4000;24-06-21;100;367
3215;6500;05-10-21;129;340
737;5000;18-08-21;89;78
2673;4000;07-10-21;139;280
2030;5000;17-05-21;123;215
2604;8500;18-11-21;86;275
1211;5500;22-12-21;81;133
1485;8000;12-08-20;133;161
203;5500;21-08-20;122;20
1758;5000;11-06-21;114;187
2600;8500;18-07-21;86;275
580;6500;28-02-21;99;58
3170;4500;06-10-21;129;336
1657;3000;10-08-20;47;179
3414;5000;18-07-21;94;362
1225;3000;16-09-20;11;135
2372;5000;10-08-21;91;247
1156;6500;28-11-21;110;128
2057;9500;21-12-21;123;217
689;8000;12-03-21;77;70
3054;7500;29-09-21;98;320
1301;5000;26-06-20;126;140
3322;5000;20-07-21;130;352
1738;4500;17-11-20;128;186
2329;8000;15-04-21;136;241
2928;4000;26-05-21;144;306
2310;6500;18-04-21;136;239
3123;8000;10-01-21;78;330
2767;9500;16-12-21;80;288
1305;5000;26-10-20;126;140
490;9500;28-01-21;146;49
1428;4000;23-11-21;142;154
1668;3000;09-08-21;47;179
917;5000;01-08-21;54;98
2813;6500;18-11-21;10;292
2263;5000;19-06-21;35;235
933;3000;01-07-21;112;100
2946;5500;28-11-20;144;308
702;5500;02-10-21;89;73
1279;9500;20-10-21;74;138
471;9500;16-09-21;146;47
1319;5000;26-12-21;126;140
2586;5000;19-01-21;86;274
1278;9500;20-09-21;74;138
2281;6500;18-04-21;84;236
309;9500;05-04-21;97;29
2140;5000;20-05-20;88;225
2243;8500;11-09-21;35;233
3439;7000;21-01-21;76;366
618;6500;19-02-21;125;63
681;6500;15-07-21;77;69
194;3000;01-11-21;122;19
531;7000;08-03-21;127;51
2790;4000;19-11-20;10;291
2413;5500;22-07-21;38;252
3190;5000;16-02-21;129;338
1890;8000;09-10-20;28;201
1936;9500;19-03-21;85;206
77;5000;30-12-20;145;9
3299;5000;20-01-21;130;351
111;8000;15-09-20;104;11
2458;5000;23-10-21;36;257
1505;9500;18-01-21;124;164
2166;3500;14-11-21;88;226
1120;9500;07-08-21;23;124
2745;7000;31-07-21;80;287
3153;8500;11-10-20;129;334
2101;5000;11-10-21;118;221
423;5500;09-10-21;107;41
2792;4000;19-01-21;10;291
1424;4000;23-07-21;142;154
421;5500;07-10-21;107;41
244;6500;14-06-21;9;23
1154;5000;10-11-20;110;127
2657;4000;17-05-21;12;278
442;6500;09-02-21;101;45
348;6500;23-11-21;116;33
2465;5500;07-07-21;36;258
1014;5000;13-04-21;143;111
3049;6500;18-11-21;98;319
79;5000;28-02-21;145;9
749;5000;24-03-21;96;80
2524;3000;28-01-21;134;264
569;5000;19-12-21;99;55
2184;6500;11-04-20;32;229
2594;5000;19-09-21;86;274
2462;5500;04-07-21;36;258
22;5000;28-10-21;102;3
2869;4000;10-07-20;30;300
3140;9500;01-06-21;129;333
2058;6500;19-09-20;123;218
2124;5000;15-10-21;118;223
2087;3000;28-11-21;118;219
1356;3500;25-06-21;120;146
3082;6500;24-02-21;113;325
2097;5000;07-10-21;118;221
3055;7500;29-10-21;98;320
181;5000;04-09-21;122;18
1934;9500;19-01-21;85;206
2877;4000;23-01-21;147;301
1208;5500;22-09-21;81;133
2454;5000;23-06-21;36;257
1012;5000;13-02-21;143;111
314;9500;10-04-21;97;29
221;3500;07-11-20;9;21
2553;9500;28-06-21;134;268
1526;7500;25-06-21;64;166
979;5000;28-05-21;143;108
2347;6500;30-08-21;19;244
341;8000;27-12-21;108;31
1220;5000;12-02-21;11;134
2886;6500;13-10-20;45;302
611;5500;25-08-20;125;61
3263;3000;19-11-21;129;348
2788;4000;19-09-20;10;291
23;5000;28-11-21;102;3
694;6500;30-12-21;77;71
2552;9500;28-05-21;134;268
2681;4500;06-01-21;139;281
92;5000;10-09-20;145;10
1731;6500;10-03-21;128;185
1627;6500;14-06-21;150;174
1870;6500;20-10-21;83;199
2305;7500;24-10-21;136;238
760;7500;06-11-21;96;81
1675;7500;27-12-20;47;180
3247;5000;14-02-21;129;346
13;5000;31-01-21;102;3
209;5500;21-02-21;122;20
2123;5000;15-09-21;118;223
265;9500;29-12-20;109;25
2437;8000;06-08-21;36;255
2392;4000;26-09-21;38;250
1571;6500;08-08-21;64;169
258;6500;16-09-21;109;24
135;6500;06-05-21;104;12
1460;6500;21-09-20;133;158
1214;5000;06-02-21;11;134
3217;7000;08-06-21;129;341
574;9500;10-11-21;99;57
1941;9500;19-08-21;85;206
3354;7500;18-11-21;135;354
91;5000;09-09-20;145;10
114;8000;15-12-20;104;11
708;5500;08-10-21;89;73
720;5000;26-10-21;89;76
3096;5000;16-03-21;78;326
2643;7000;15-11-21;12;277
364;5500;28-01-21;116;36
35;6500;09-11-21;22;6
1328;8500;05-07-21;126;142
204;5500;21-09-20;122;20
2393;4000;26-10-21;38;250
3213;6500;03-10-21;129;340
931;3000;11-07-20;112;100
1530;3000;19-03-21;64;167
3356;4500;30-07-20;135;355
280;7000;10-02-21;97;26
1617;6500;14-08-20;150;174
96;5000;02-09-21;145;10
165;6500;19-04-21;115;16
1201;5500;22-02-21;81;133
2385;4000;26-02-21;38;250
758;5000;24-12-21;96;80
1192;5000;04-11-21;81;132
1794;6500;08-06-21;111;191
2159;5000;20-12-21;88;225
2871;4000;12-07-20;30;300
3098;6500;29-09-21;78;327
2174;3000;05-04-21;149;227
3276;6500;06-01-21;130;349
827;5500;23-01-21;40;87
1850;6500;03-05-21;83;198
586;6500;28-08-21;99;58
994;4000;14-10-21;143;109
2312;6500;18-06-21;136;239
3287;6500;07-07-21;130;350
1310;5000;26-03-21;126;140
2839;8000;12-06-21;119;296
262;9500;29-09-20;109;25
2831;5000;28-07-21;119;294
2088;8500;17-10-21;118;220
474;9500;16-12-21;146;47
2808;6500;18-06-21;10;292
1583;3500;08-11-21;150;171
1681;7500;27-06-21;47;180
2979;5000;19-02-21;46;310
2235;8500;03-09-21;35;233
3051;7500;29-06-21;98;320
818;6500;21-08-21;40;86
2430;8000;14-07-21;36;254
477;5000;30-12-20;146;48
2369;5000;07-08-21;91;247
2187;6500;02-04-21;32;229
2925;4000;26-02-21;144;306
1176;8000;17-03-21;110;130
2179;3000;10-04-21;149;227
3250;5000;14-05-21;129;346
2303;3000;12-09-21;136;237
282;7000;12-02-21;97;26
1336;8000;08-10-21;120;143
699;5000;11-02-21;77;72
2032;5000;17-07-21;123;215
788;5000;03-01-21;96;83
2259;5000;19-02-21;35;235
2353;5000;13-09-21;91;245
1790;3000;10-05-21;111;190
1489;8000;04-08-21;133;161
1535;3000;19-08-21;64;167
955;5500;20-08-21;93;104
1551;5500;07-05-21;64;168
3185;5000;14-11-21;129;337
648;4000;24-12-20;125;67
3363;3500;16-07-20;135;356
2896;6500;13-08-21;45;302
3334;7000;04-08-21;130;353
1383;8000;16-07-20;106;150
2934;4000;26-11-21;144;306
1724;3000;06-08-21;128;184
1130;3500;30-09-20;23;125
368;5500;28-05-21;116;36
2587;5000;19-02-21;86;274
549;5000;25-05-20;99;54
1609;9500;08-04-21;150;173
2775;3000;28-02-21;80;289
1658;3000;11-08-20;47;179
1935;9500;19-02-21;85;206
566;5000;25-10-21;99;54
722;5000;26-12-21;89;76
12;4000;21-12-21;102;2
2787;6500;08-07-21;80;290
640;5000;27-11-21;125;65
3260;3000;19-08-21;129;348
2110;5000;15-08-20;118;223
2042;8000;10-11-20;123;216
677;6500;15-03-21;77;69
3121;8000;08-01-21;78;330
1920;8500;11-04-21;28;203
171;4000;16-07-21;122;17
513;5500;23-05-21;146;50
216;5500;21-09-21;122;20
1264;9500;20-07-20;74;138
905;4000;20-07-21;54;97
596;5000;01-09-21;125;60
461;9500;16-11-20;146;47
2153;5000;20-06-21;88;225
2764;9500;16-09-21;80;288
1672;7500;27-09-20;47;180
876;7500;17-05-21;40;91
1174;9500;20-11-21;110;129
2226;5000;15-11-21;35;232
1284;6500;09-05-20;117;139
3442;7000;21-04-21;76;366
2754;9500;16-11-20;80;288
2857;5500;27-04-21;30;299
2674;4000;08-10-21;139;280
2593;5000;19-08-21;86;274
1375;4000;24-10-21;106;148
2558;9500;28-11-21;134;268
2666;8000;10-03-21;139;279
990;4000;14-06-21;143;109
2649;4000;17-09-20;12;278
3181;5000;14-07-21;129;337
970;7000;13-11-21;143;107
2589;5000;19-04-21;86;274
2773;3000;28-12-20;80;289
2280;6500;18-03-21;84;236
709;5500;09-10-21;89;73
873;7500;17-02-21;40;91
2695;5000;13-12-20;139;282
376;9500;12-03-21;116;37
3006;5000;09-10-21;46;312
2799;6500;18-09-20;10;292
2683;4500;08-01-21;139;281
3208;6500;10-10-20;129;340
3220;7000;11-06-21;129;341
2852;5000;05-02-21;30;298
299;9500;07-04-20;97;29
587;6500;28-09-21;99;58
1061;9500;10-12-21;105;118
1243;5500;15-04-21;74;136
2734;9500;12-11-21;80;285
653;4000;24-05-21;125;67
2175;3000;06-04-21;149;227
1021;5000;13-11-21;143;111
1467;6500;21-04-21;133;158
1942;9500;19-09-21;85;206
2765;9500;16-10-21;80;288
1229;3000;16-01-21;11;135
2861;5500;27-08-21;30;299
751;5000;24-05-21;96;80
607;5000;12-09-21;125;60
794;5000;09-01-21;96;83
2668;8000;12-03-21;139;279
2843;3500;11-04-21;119;297
218;5500;21-11-21;122;20
945;9500;16-09-21;112;101
1582;3500;07-11-21;150;171
846;8000;01-03-21;40;88
2603;8500;18-10-21;86;275
3020;5500;17-12-21;44;315
3212;6500;02-10-21;129;340
3157;8500;03-10-21;129;334
913;5000;09-08-20;54;98
2098;5000;08-10-21;118;221
3396;5000;26-12-21;95;358
1494;8000;09-08-21;133;161
1143;3500;28-10-21;23;125
2786;6500;07-07-21;80;290
2247;9500;05-11-21;35;234
505;5500;23-09-20;146;50
3075;6500;24-07-20;113;325
2143;5000;20-08-20;88;225
1520;7500;25-12-20;64;166
270;9500;28-05-21;109;25
2500;5000;05-04-21;134;262
3097;6500;29-08-21;78;327
142;5000;24-03-21;104;13
3042;5000;13-11-21;98;318
1161;9500;20-10-20;110;129
554;5000;25-10-20;99;54
1789;3000;09-05-21;111;190
3331;7000;01-08-21;130;353
1453;5500;13-10-20;133;157
2230;8500;10-09-20;35;233
3142;9500;03-06-21;129;333
2205;9500;22-04-21;92;231
2648;4000;17-08-20;12;278
1628;6500;14-07-21;150;174
1075;5500;09-09-20;148;120
2216;5000;15-01-21;35;232
843;8000;10-03-20;40;88
2571;9500;05-11-21;131;272
2116;5000;15-02-21;118;223
3052;7500;29-07-21;98;320
2402;5500;22-08-20;38;252
3295;5000;20-09-20;130;351
773;5500;24-04-21;96;82
2316;6500;18-10-21;136;239
2864;5500;27-11-21;30;299
3023;5000;22-06-21;44;316
1102;5000;06-11-21;148;122
2951;5500;28-04-21;144;308
2945;5500;28-10-20;144;308
2895;6500;13-07-21;45;302
2220;5000;15-05-21;35;232
3;4000;21-03-21;102;2
486;5000;28-09-21;146;48
360;8000;30-11-21;116;35
85;5000;28-08-21;145;9
971;7000;13-12-21;143;107
801;5000;08-09-21;137;84
2221;5000;15-06-21;35;232
3149;9500;10-06-21;129;333
2421;8000;14-10-20;36;254
1667;3000;08-08-21;47;179
1958;3000;27-07-21;85;207
53;6500;28-11-21;22;7
134;6500;05-05-21;104;12
177;5000;12-09-20;122;18
2801;6500;18-11-20;10;292
1907;8000;27-04-21;28;202
3233;4000;11-06-21;129;344
978;5000;28-04-21;143;108
374;9500;10-03-21;116;37
1085;5500;07-09-21;148;120
1475;6500;21-12-21;133;158
2039;8000;07-11-20;123;216
1791;3000;11-05-21;111;190
3204;6500;06-10-20;129;340
1499;4500;29-12-21;124;162
3427;4000;27-12-21;94;364
361;8000;30-12-21;116;35
130;6500;01-05-21;104;12
3037;5000;13-06-21;98;318
2860;5500;27-07-21;30;299
1930;9500;19-09-20;85;206
200;3000;07-11-21;122;19
429;6500;09-04-21;107;42
1706;9500;08-05-21;47;183
845;8000;12-03-20;40;88
1871;6500;20-11-21;83;199
426;5500;12-10-21;107;41
1597;9500;08-04-20;150;173
1636;5000;05-01-21;141;175
1665;3000;06-08-21;47;179
1611;9500;10-04-21;150;173
1525;7500;25-05-21;64;166
981;5000;28-07-21;143;108
1810;7500;10-05-20;121;195
1787;3000;07-05-21;111;190
2108;5000;15-06-20;118;223
2326;8000;15-01-21;136;241
2218;5000;15-03-21;35;232
643;6500;15-09-21;125;66
2845;5000;10-02-20;30;298
520;7000;09-03-20;127;51
882;7500;17-11-21;40;91
1847;4000;12-02-21;82;197
3305;5000;20-07-21;130;351
2375;5000;30-03-21;38;248
863;4000;26-04-21;40;90
1932;9500;19-11-20;85;206
2809;6500;18-07-21;10;292
136;6500;07-05-21;104;12
2829;5000;25-12-21;10;293
2083;3000;28-07-21;118;219
2776;3000;28-03-21;80;289
769;5500;24-12-20;96;82
1365;9500;04-06-21;120;147
656;4000;24-08-21;125;67
1756;5000;09-06-21;114;187
3294;5000;20-08-20;130;351
1231;3000;16-03-21;11;135
1515;9500;18-11-21;124;164
1097;5000;14-01-21;148;121
71;5000;09-08-21;22;8
2071;6500;19-10-21;123;218
188;5000;11-09-21;122;18
608;5500;25-05-20;125;61
3071;6500;13-01-21;138;324
3226;6500;26-07-21;129;343
2939;4500;11-01-20;144;307
3245;5000;14-12-20;129;346
1919;8500;10-04-21;28;203
1742;4500;17-03-21;128;186
928;5000;12-08-21;54;98
1848;6500;01-05-21;83;198
874;7500;17-03-21;40;91
2738;4000;14-06-21;80;286
1722;3000;04-08-21;128;184
522;7000;11-03-20;127;51
1028;4000;18-07-20;79;114
2880;4000;23-04-21;147;301
2636;7000;15-04-21;12;277
2449;6500;08-01-21;36;256
3476;5000;05-12-21;100;369
2647;4000;17-07-20;12;278
1297;6500;10-05-21;117;139
2242;8500;10-09-21;35;233
1152;5000;08-11-20;110;127
1805;8000;07-06-21;121;193
392;4000;04-10-21;107;39
2010;5000;26-05-21;123;214
213;5500;21-06-21;122;20
2760;9500;16-05-21;80;288
1844;4000;09-02-21;82;197
1206;5500;22-07-21;81;133
2758;9500;16-03-21;80;288
1164;9500;20-01-21;110;129
1333;8500;10-07-21;126;142
2795;6500;18-05-20;10;292
1633;6500;14-12-21;150;174
2477;9500;12-06-20;36;259
1710;9500;12-05-21;47;183
283;5500;12-04-21;97;27
139;6500;10-05-21;104;12
2894;6500;13-06-21;45;302
2407;5500;22-01-21;38;252
3061;5000;24-10-21;138;322
2290;3000;11-09-20;136;237
1957;3000;27-06-21;85;207
534;7000;11-03-21;127;51
2879;4000;23-03-21;147;301
3089;6500;24-09-21;113;325
902;4000;20-04-21;54;97
3367;3500;16-11-20;135;356
1639;5000;08-01-21;141;175
1579;3500;04-11-21;150;171
1066;8500;16-06-21;41;119
654;4000;24-06-21;125;67
1607;9500;06-04-21;150;173
2982;5000;19-05-21;46;310
1403;6500;28-09-21;106;151
229;7000;11-11-20;9;22
2419;6500;28-11-21;38;253
321;6500;24-06-21;97;30
557;5000;25-01-21;99;54
1655;3000;08-08-20;47;179
149;5000;24-10-21;104;13
1443;6500;18-06-21;27;156
1599;9500;10-04-20;150;173
2696;5000;13-01-21;139;282
1801;6500;25-09-21;87;192
2288;6500;18-11-21;84;236
736;5000;18-07-21;89;78
2233;8500;01-09-21;35;233
1056;5000;15-12-21;105;116
72;5000;10-08-21;22;8
1418;4000;23-01-21;142;154
9;4000;21-09-21;102;2
783;5000;10-01-20;96;83
228;7000;10-11-20;9;22
393;4000;05-10-21;107;39
1641;5000;10-01-21;141;175
2838;4000;12-01-21;119;295
1608;9500;07-04-21;150;173
43;6500;28-01-21;22;7
2812;6500;18-10-21;10;292
3387;5000;26-03-21;95;358
1828;9500;17-07-21;121;196
206;5500;21-11-20;122;20
3355;7500;18-12-21;135;354
1321;5000;11-09-21;126;141
1077;5500;11-09-20;148;120
255;6500;16-06-21;109;24
2690;5000;13-07-20;139;282
915;5000;11-08-20;54;98
2446;6500;05-01-21;36;256
2680;4500;05-01-21;139;281
2389;4000;26-06-21;38;250
2774;3000;28-01-21;80;289
381;5500;25-08-21;107;38
3428;5000;19-09-21;76;365
2152;5000;20-05-21;88;225
695;5000;07-02-21;77;72
2191;6500;06-04-21;32;229
1251;5500;15-12-21;74;136
1118;9500;05-08-21;23;124
2060;6500;19-11-20;123;218
583;6500;28-05-21;99;58
2933;4000;26-10-21;144;306
659;4000;24-11-21;125;67
991;4000;14-07-21;143;109
1394;8000;16-06-21;106;150
1703;9500;05-05-21;47;183
1106;5000;10-11-21;148;122
2168;3000;11-04-20;149;227
2043;8000;11-11-20;123;216
3228;6500;26-09-21;129;343
1939;9500;19-06-21;85;206
2568;9500;02-11-21;131;272
117;8000;15-03-21;104;11
1316;5000;26-09-21;126;140
1646;4000;25-11-21;141;176
2244;8500;12-09-21;35;233
911;5000;07-08-20;54;98
1437;6500;18-12-20;27;156
2457;5000;23-09-21;36;257
1444;6500;18-07-21;27;156
257;6500;16-08-21;109;24
1778;3000;10-05-20;111;190
1223;3000;16-07-20;11;135
435;6500;02-02-21;101;45
2390;4000;26-07-21;38;250
3186;5000;14-12-21;129;337
2275;6500;18-10-20;84;236
1323;8500;12-07-20;126;142
620;6500;19-04-21;125;63
3111;5000;20-10-21;78;329
2557;9500;28-10-21;134;268
833;5500;23-07-21;40;87
1363;9500;02-06-21;120;147
772;5500;24-03-21;96;82
2665;8000;09-03-21;139;279
2148;5000;20-01-21;88;225
1483;7500;28-12-21;133;160
1194;5000;06-11-21;81;132
1188;4000;27-09-21;110;131
1219;5000;11-02-21;11;134
3178;5000;14-04-21;129;337
1488;8000;03-08-21;133;161
140;6500;11-05-21;104;12
2987;5000;19-10-21;46;310
598;5000;03-09-21;125;60
1943;9500;19-10-21;85;206
2960;4500;19-07-20;46;309
3451;4000;24-08-20;100;367
1019;5000;13-09-21;143;111
3290;6500;10-07-21;130;350
2762;9500;16-07-21;80;288
68;5000;06-08-21;22;8
1856;6500;09-05-21;83;198
2283;6500;18-06-21;84;236
1940;9500;19-07-21;85;206
100;5000;06-09-21;145;10
584;6500;28-06-21;99;58
2297;3000;06-09-21;136;237
2969;4500;19-04-21;46;309
3085;6500;24-05-21;113;325
1891;8000;10-10-20;28;201
871;7500;17-12-20;40;91
705;5500;05-10-21;89;73
2298;3000;07-09-21;136;237
2215;5000;15-12-20;35;232
1016;5000;13-06-21;143;111
2048;8000;04-11-21;123;216
535;7000;12-03-21;127;51
447;4000;24-02-21;146;46
1630;6500;14-09-21;150;174
2953;5500;28-06-21;144;308
1945;9500;19-12-21;85;206
1862;6500;20-02-21;83;199
536;5000;06-10-20;127;52
1471;6500;21-08-21;133;158
1218;5000;10-02-21;11;134
110;8000;15-08-20;104;11
3059;4000;11-03-21;98;321
663;5000;30-12-20;125;68
823;5500;23-09-20;40;87
2105;5000;09-11-21;118;222
1593;5000;10-11-21;150;172
940;3000;08-07-21;112;100
2932;4000;26-09-21;144;306
1711;3000;05-08-20;128;184
1567;6500;04-08-21;64;169
1221;3000;16-05-20;11;135
2115;5000;15-01-21;118;223
3032;5000;13-01-21;98;318
1959;3000;27-08-21;85;207
1123;9500;10-08-21;23;124
2208;9500;22-07-21;92;231
1678;7500;27-03-21;47;180
1947;3000;27-08-20;85;207
3313;5000;20-10-20;130;352
2133;6500;06-04-21;88;224
665;5000;28-02-21;125;68
1275;9500;20-06-21;74;138
284;7500;20-12-20;97;28
3478;5000;07-12-21;100;369
187;5000;10-09-21;122;18
3187;5000;16-11-20;129;338
83;5000;28-06-21;145;9
118;8000;15-04-21;104;11
1138;3500;28-05-21;23;125
2019;5000;17-06-20;123;215
2731;9500;09-11-21;80;285
1898;8000;05-10-21;28;201
233;7000;03-11-21;9;22
50;6500;28-08-21;22;7
2841;3500;09-04-21;119;297
2134;6500;07-04-21;88;224
1989;3000;09-06-20;123;213
2927;4000;26-04-21;144;306
2782;3000;28-09-21;80;289
793;5000;08-01-21;96;83
832;5500;23-06-21;40;87
3384;5000;26-12-20;95;358
3100;6500;29-11-21;78;327
1009;5000;13-11-20;143;111
1209;5500;22-10-21;81;133
2542;9500;10-07-21;134;267
2132;6500;05-04-21;88;224
1126;3500;31-05-20;23;125
2685;4500;10-01-21;139;281
1916;8500;07-04-21;28;203
714;6500;17-08-20;89;74
826;5500;23-12-20;40;87
3165;9500;17-06-20;129;335
1353;3500;25-03-21;120;146
253;6500;16-04-21;109;24
1897;8000;04-10-21;28;201
658;4000;24-10-21;125;67
2634;7000;15-02-21;12;277
2004;3000;12-06-21;123;213
1938;9500;19-05-21;85;206
66;5000;04-08-21;22;8
1486;8000;01-08-21;133;161
2323;8000;15-10-20;136;241
18;5000;28-06-21;102;3
2469;5500;11-07-21;36;258
3417;5000;18-10-21;94;362
480;5000;28-03-21;146;48
2968;4500;19-03-21;46;309
215;5500;21-08-21;122;20
1834;4000;11-02-20;82;197
2269;5000;19-12-21;35;235
1884;9500;10-07-21;83;200
3050;6500;18-12-21;98;319
223;3500;09-11-20;9;21
3013;6500;07-09-21;44;314
482;5000;28-05-21;146;48
2130;6500;03-04-21;88;224
1531;3000;19-04-21;64;167
30;4500;10-07-21;102;5
481;5000;28-04-21;146;48
1342;7000;09-02-21;120;145
1691;4500;01-06-21;47;182
1119;9500;06-08-21;23;124
176;4000;16-12-21;122;17
1889;8000;08-10-20;28;201
2633;7000;15-01-21;12;277
446;4000;24-01-21;146;46
1086;5500;08-09-21;148;120
454;4000;24-09-21;146;46
102;5000;08-09-21;145;10
2528;7500;09-10-21;134;265
645;6500;15-11-21;125;66
2357;5000;07-08-20;91;247
2128;6500;01-04-21;88;224
547;5500;21-11-21;99;53
1650;3000;12-05-21;141;177
799;5000;06-09-21;137;84
3475;4000;16-10-21;100;368